Id,Label
0001.jpg,0.0058902446
0002.jpg,0.37402636
0003.jpg,0.2522913
0004.jpg,0.6457983
0005.jpg,0.57238054
0006.jpg,0.5746567
0007.jpg,0.0024366283
0008.jpg,0.5463664
0009.jpg,0.5648832
0010.jpg,0.020095019
0011.jpg,0.29216364
0012.jpg,0.0043801027
0013.jpg,0.70528376
0014.jpg,0.7569999
0015.jpg,0.66441417
0016.jpg,0.7929385
0017.jpg,0.30068302
0018.jpg,0.019924682
0019.jpg,0.73152214
0020.jpg,0.0025971925
0021.jpg,0.73741746
0022.jpg,0.6147758
0023.jpg,0.5184403
0024.jpg,0.27362868
0025.jpg,0.90978086
0026.jpg,0.9988617
0027.jpg,0.048068136
0028.jpg,0.6784222
0029.jpg,0.0030782365
0030.jpg,0.9992536
0031.jpg,0.2972402
0032.jpg,0.91692954
0033.jpg,0.0031694693
0034.jpg,0.01312762
0035.jpg,0.7346734
0036.jpg,0.0028184901
0037.jpg,0.53530174
0038.jpg,0.003079753
0039.jpg,0.5096274
0040.jpg,0.512298
0041.jpg,0.99950886
0042.jpg,0.35705176
0043.jpg,0.6524163
0044.jpg,0.52989584
0045.jpg,0.93800366
0046.jpg,0.99957997
0047.jpg,0.24294047
0048.jpg,0.39465365
0049.jpg,0.45502076
0050.jpg,0.26339895
0051.jpg,0.12960346
0052.jpg,0.93169796
0053.jpg,0.42067045
0054.jpg,0.6545361
0055.jpg,0.73554575
0056.jpg,0.002889353
0057.jpg,0.6594634
0058.jpg,0.0060022697
0059.jpg,0.39374122
0060.jpg,0.99956447
0061.jpg,0.0043064523
0062.jpg,0.113264605
0063.jpg,0.69964993
0064.jpg,0.42785478
0065.jpg,0.55771327
0066.jpg,0.9995751
0067.jpg,0.008617035
0068.jpg,0.5126631
0069.jpg,0.6535012
0070.jpg,0.34355116
0071.jpg,0.520476
0072.jpg,0.9995072
0073.jpg,0.6717975
0074.jpg,0.25023162
0075.jpg,0.99804074
0076.jpg,0.5147921
0077.jpg,0.9841719
0078.jpg,0.24270211
0079.jpg,0.3687573
0080.jpg,0.9995914
0081.jpg,0.6722702
0082.jpg,0.032060187
0083.jpg,0.9987105
0084.jpg,0.999363
0085.jpg,0.9993832
0086.jpg,0.9927946
0087.jpg,0.70974284
0088.jpg,0.9995951
0089.jpg,0.018048847
0090.jpg,0.99966145
0091.jpg,0.5300938
0092.jpg,0.45745808
0093.jpg,0.10161681
0094.jpg,0.6077041
0095.jpg,0.010261282
0096.jpg,0.22448276
0097.jpg,0.77501935
0098.jpg,0.047609
0099.jpg,0.99952745
0100.jpg,0.55788726
0101.jpg,0.35673583
0102.jpg,0.9995989
0103.jpg,0.37008128
0104.jpg,0.66783154
0105.jpg,0.6780477
0106.jpg,0.627608
0107.jpg,0.5227864
0108.jpg,0.7866106
0109.jpg,0.48075217
0110.jpg,0.761257
0111.jpg,0.0028174275
0112.jpg,0.6010299
0113.jpg,0.99957865
0114.jpg,0.0023886338
0115.jpg,0.13700558
0116.jpg,0.6677314
0117.jpg,0.7557837
0118.jpg,0.92432487
0119.jpg,0.58566326
0120.jpg,0.006683547
0121.jpg,0.71357673
0122.jpg,0.99857366
0123.jpg,0.3869305
0124.jpg,0.7806238
0125.jpg,0.08960447
0126.jpg,0.6298686
0127.jpg,0.6923159
0128.jpg,0.054466076
0129.jpg,0.72575474
0130.jpg,0.72224665
0131.jpg,0.93035734
0132.jpg,0.59386885
0133.jpg,0.66972464
0134.jpg,0.3958716
0135.jpg,0.0029175445
0136.jpg,0.5966085
0137.jpg,0.43127888
0138.jpg,0.002847313
0139.jpg,0.51285225
0140.jpg,0.15536207
0141.jpg,0.752573
0142.jpg,0.58861595
0143.jpg,0.5369691
0144.jpg,0.11941684
0145.jpg,0.64053863
0146.jpg,0.9972465
0147.jpg,0.26757365
0148.jpg,0.999401
0149.jpg,0.58545756
0150.jpg,0.008596492
0151.jpg,0.5786189
0152.jpg,0.81624454
0153.jpg,0.98273706
0154.jpg,0.48163456
0155.jpg,0.99929595
0156.jpg,0.017145993
0157.jpg,0.023789411
0158.jpg,0.69227123
0159.jpg,0.7534279
0160.jpg,0.08832417
0161.jpg,0.0064495755
0162.jpg,0.23147915
0163.jpg,0.0028388358
0164.jpg,0.09865272
0165.jpg,0.06547618
0166.jpg,0.5305447
0167.jpg,0.9996252
0168.jpg,0.35142452
0169.jpg,0.419868
0170.jpg,0.4388977
0171.jpg,0.29646182
0172.jpg,0.19456044
0173.jpg,0.35878417
0174.jpg,0.53549284
0175.jpg,0.7367574
0176.jpg,0.60602635
0177.jpg,0.20245425
0178.jpg,0.6411915
0179.jpg,0.6776976
0180.jpg,0.643414
0181.jpg,0.83401674
0182.jpg,0.0039674127
0183.jpg,0.6001368
0184.jpg,0.99968946
0185.jpg,0.17702016
0186.jpg,0.46402127
0187.jpg,0.999688
0188.jpg,0.0028209356
0189.jpg,0.008497689
0190.jpg,0.6787142
0191.jpg,0.5146813
0192.jpg,0.8288268
0193.jpg,0.61226285
0194.jpg,0.34938645
0195.jpg,0.2214185
0196.jpg,0.9992643
0197.jpg,0.003468315
0198.jpg,0.012373978
0199.jpg,0.7693768
0200.jpg,0.54002374
0201.jpg,0.006229951
0202.jpg,0.0465563
0203.jpg,0.6583209
0204.jpg,0.0028133283
0205.jpg,0.6810488
0206.jpg,0.7149875
0207.jpg,0.9995983
0208.jpg,0.10681812
0209.jpg,0.74166906
0210.jpg,0.9996934
0211.jpg,0.81063044
0212.jpg,0.9756683
0213.jpg,0.0025708044
0214.jpg,0.78466237
0215.jpg,0.62235624
0216.jpg,0.29692942
0217.jpg,0.6677452
0218.jpg,0.029334936
0219.jpg,0.40405357
0220.jpg,0.62559015
0221.jpg,0.050548706
0222.jpg,0.7146772
0223.jpg,0.05414071
0224.jpg,0.63096166
0225.jpg,0.0026243
0226.jpg,0.0052845064
0227.jpg,0.6470587
0228.jpg,0.9002229
0229.jpg,0.0028083618
0230.jpg,0.31952086
0231.jpg,0.21238644
0232.jpg,0.011833254
0233.jpg,0.40863508
0234.jpg,0.46273378
0235.jpg,0.65570754
0236.jpg,0.026496008
0237.jpg,0.64654785
0238.jpg,0.15680486
0239.jpg,0.7248727
0240.jpg,0.003884111
0241.jpg,0.6816946
0242.jpg,0.5445082
0243.jpg,0.70380384
0244.jpg,0.61232334
0245.jpg,0.55890936
0246.jpg,0.6830642
0247.jpg,0.6445125
0248.jpg,0.65689737
0249.jpg,0.99940884
0250.jpg,0.5701597
0251.jpg,0.0028058244
0252.jpg,0.0026673654
0253.jpg,0.15039463
0254.jpg,0.42525357
0255.jpg,0.34200716
0256.jpg,0.0025964219
0257.jpg,0.5339686
0258.jpg,0.004549913
0259.jpg,0.0029815459
0260.jpg,0.0023623495
0261.jpg,0.6428394
0262.jpg,0.0029318375
0263.jpg,0.61907744
0264.jpg,0.003946005
0265.jpg,0.0029792434
0266.jpg,0.04183206
0267.jpg,0.0049052844
0268.jpg,0.002486965
0269.jpg,0.99963284
0270.jpg,0.9996238
0271.jpg,0.9994936
0272.jpg,0.5948785
0273.jpg,0.9996798
0274.jpg,0.80665517
0275.jpg,0.9997123
0276.jpg,0.38359413
0277.jpg,0.9938065
0278.jpg,0.7186453
0279.jpg,0.66828775
0280.jpg,0.7002701
0281.jpg,0.7846249
0282.jpg,0.67814106
0283.jpg,0.533442
0284.jpg,0.015928859
0285.jpg,0.6433036
0286.jpg,0.050053854
0287.jpg,0.0029110527
0288.jpg,0.57467574
0289.jpg,0.67830324
0290.jpg,0.31074205
0291.jpg,0.77290004
0292.jpg,0.9996978
0293.jpg,0.11963372
0294.jpg,0.41309988
0295.jpg,0.5561337
0296.jpg,0.003624741
0297.jpg,0.6575254
0298.jpg,0.6579898
0299.jpg,0.64608413
0300.jpg,0.44363937
0301.jpg,0.6884593
0302.jpg,0.46471995
0303.jpg,0.29654908
0304.jpg,0.66439986
0305.jpg,0.6288035
0306.jpg,0.9994843
0307.jpg,0.5923783
0308.jpg,0.24178782
0309.jpg,0.21682143
0310.jpg,0.66879314
0311.jpg,0.96312445
0312.jpg,0.99953043
0313.jpg,0.60669965
0314.jpg,0.002636531
0315.jpg,0.12761271
0316.jpg,0.4264359
0317.jpg,0.63025904
0318.jpg,0.0071237255
0319.jpg,0.44490406
0320.jpg,0.0027706402
0321.jpg,0.94613796
0322.jpg,0.6303291
0323.jpg,0.0030910922
0324.jpg,0.67026484
0325.jpg,0.17394601
0326.jpg,0.0025306684
0327.jpg,0.99946946
0328.jpg,0.7151249
0329.jpg,0.520887
0330.jpg,0.40665624
0331.jpg,0.5041976
0332.jpg,0.40170246
0333.jpg,0.46213338
0334.jpg,0.999521
0335.jpg,0.6652775
0336.jpg,0.34489727
0337.jpg,0.5969525
0338.jpg,0.6720325
0339.jpg,0.5731168
0340.jpg,0.8137498
0341.jpg,0.61683106
0342.jpg,0.4223457
0343.jpg,0.514309
0344.jpg,0.13096547
0345.jpg,0.8033919
0346.jpg,0.04555616
0347.jpg,0.58447284
0348.jpg,0.13090497
0349.jpg,0.3440829
0350.jpg,0.5736494
0351.jpg,0.66942036
0352.jpg,0.99959666
0353.jpg,0.040482927
0354.jpg,0.63896734
0355.jpg,0.29374516
0356.jpg,0.2684354
0357.jpg,0.0035759895
0358.jpg,0.7479754
0359.jpg,0.95487726
0360.jpg,0.6612278
0361.jpg,0.0060760216
0362.jpg,0.7166687
0363.jpg,0.0030532298
0364.jpg,0.5234708
0365.jpg,0.11619566
0366.jpg,0.7564511
0367.jpg,0.0066090124
0368.jpg,0.006177429
0369.jpg,0.77347237
0370.jpg,0.9945398
0371.jpg,0.5944412
0372.jpg,0.7075247
0373.jpg,0.58981395
0374.jpg,0.6642955
0375.jpg,0.2401477
0376.jpg,0.67783713
0377.jpg,0.5551026
0378.jpg,0.2919115
0379.jpg,0.664418
0380.jpg,0.104720294
0381.jpg,0.99965477
0382.jpg,0.66898763
0383.jpg,0.0025643078
0384.jpg,0.0077232425
0385.jpg,0.4654497
0386.jpg,0.0029197133
0387.jpg,0.7437956
0388.jpg,0.78631204
0389.jpg,0.6679415
0390.jpg,0.64951456
0391.jpg,0.6956151
0392.jpg,0.42662483
0393.jpg,0.002656222
0394.jpg,0.52269393
0395.jpg,0.8907802
0396.jpg,0.13495867
0397.jpg,0.0027916566
0398.jpg,0.9996119
0399.jpg,0.003270347
0400.jpg,0.99949896
0401.jpg,0.9995951
0402.jpg,0.003120314
0403.jpg,0.5241949
0404.jpg,0.4344155
0405.jpg,0.67379427
0406.jpg,0.5404207
0407.jpg,0.38459036
0408.jpg,0.5652803
0409.jpg,0.59404397
0410.jpg,0.7757161
0411.jpg,0.50263715
0412.jpg,0.9986186
0413.jpg,0.9969795
0414.jpg,0.02598209
0415.jpg,0.9995271
0416.jpg,0.99475527
0417.jpg,0.04046927
0418.jpg,0.9992693
0419.jpg,0.62217826
0420.jpg,0.99953866
0421.jpg,0.67120945
0422.jpg,0.9995278
0423.jpg,0.31283405
0424.jpg,0.53861374
0425.jpg,0.5437412
0426.jpg,0.707913
0427.jpg,0.5367451
0428.jpg,0.5755236
0429.jpg,0.38541898
0430.jpg,0.58905697
0431.jpg,0.99943537
0432.jpg,0.022925727
0433.jpg,0.09169209
0434.jpg,0.12442183
0435.jpg,0.9995272
0436.jpg,0.7034208
0437.jpg,0.7226562
0438.jpg,0.9934778
0439.jpg,0.16198458
0440.jpg,0.78537047
0441.jpg,0.17055042
0442.jpg,0.36767486
0443.jpg,0.49586707
0444.jpg,0.5142567
0445.jpg,0.6607607
0446.jpg,0.20585768
0447.jpg,0.6632252
0448.jpg,0.5395274
0449.jpg,0.44513592
0450.jpg,0.9995085
0451.jpg,0.59889543
0452.jpg,0.43858388
0453.jpg,0.6690379
0454.jpg,0.999526
0455.jpg,0.66322136
0456.jpg,0.4941094
0457.jpg,0.22979197
0458.jpg,0.6756326
0459.jpg,0.7871247
0460.jpg,0.54557055
0461.jpg,0.5333418
0462.jpg,0.59464264
0463.jpg,0.0029705367
0464.jpg,0.76282495
0465.jpg,0.23197502
0466.jpg,0.20542888
0467.jpg,0.31169102
0468.jpg,0.999503
0469.jpg,0.023138661
0470.jpg,0.9934829
0471.jpg,0.5745442
0472.jpg,0.91713977
0473.jpg,0.7342647
0474.jpg,0.6982338
0475.jpg,0.70354384
0476.jpg,0.060915895
0477.jpg,0.58738333
0478.jpg,0.4725296
0479.jpg,0.3589143
0480.jpg,0.020912701
0481.jpg,0.425775
0482.jpg,0.8968376
0483.jpg,0.6966054
0484.jpg,0.0027424295
0485.jpg,0.21219388
0486.jpg,0.4568067
0487.jpg,0.56103474
0488.jpg,0.005632609
0489.jpg,0.06674034
0490.jpg,0.69294196
0491.jpg,0.011088425
0492.jpg,0.69986516
0493.jpg,0.68380624
0494.jpg,0.9996778
0495.jpg,0.09270095
0496.jpg,0.6953857
0497.jpg,0.9081936
0498.jpg,0.22329433
0499.jpg,0.31349882
0500.jpg,0.99952555
0501.jpg,0.9952232
0502.jpg,0.0026929677
0503.jpg,0.99962795
0504.jpg,0.47613254
0505.jpg,0.0027326893
0506.jpg,0.9995808
0507.jpg,0.5546852
0508.jpg,0.9995104
0509.jpg,0.002744552
0510.jpg,0.7372264
0511.jpg,0.003604747
0512.jpg,0.5775598
0513.jpg,0.7712095
0514.jpg,0.10087302
0515.jpg,0.050177045
0516.jpg,0.24996987
0517.jpg,0.0023004222
0518.jpg,0.549971
0519.jpg,0.42251775
0520.jpg,0.6395608
0521.jpg,0.5984145
0522.jpg,0.45133024
0523.jpg,0.29022244
0524.jpg,0.20670003
0525.jpg,0.39290074
0526.jpg,0.9984132
0527.jpg,0.42539373
0528.jpg,0.89780664
0529.jpg,0.9993806
0530.jpg,0.101972304
0531.jpg,0.37564525
0532.jpg,0.6019439
0533.jpg,0.20535158
0534.jpg,0.0029038866
0535.jpg,0.5168361
0536.jpg,0.99970454
0537.jpg,0.7472391
0538.jpg,0.5239154
0539.jpg,0.6334302
0540.jpg,0.66030365
0541.jpg,0.9995302
0542.jpg,0.7507431
0543.jpg,0.99952877
0544.jpg,0.04973402
0545.jpg,0.69474155
0546.jpg,0.24818103
0547.jpg,0.0026656154
0548.jpg,0.86811703
0549.jpg,0.029065534
0550.jpg,0.7052123
0551.jpg,0.6792251
0552.jpg,0.0032937229
0553.jpg,0.04126941
0554.jpg,0.7889172
0555.jpg,0.045265023
0556.jpg,0.65819126
0557.jpg,0.9994547
0558.jpg,0.24959908
0559.jpg,0.0432017
0560.jpg,0.028525585
0561.jpg,0.40655047
0562.jpg,0.8769971
0563.jpg,0.57160085
0564.jpg,0.6636559
0565.jpg,0.5112107
0566.jpg,0.006520229
0567.jpg,0.4891102
0568.jpg,0.708751
0569.jpg,0.0027520524
0570.jpg,0.026339639
0571.jpg,0.03604285
0572.jpg,0.628439
0573.jpg,0.49035272
0574.jpg,0.7320743
0575.jpg,0.0026096
0576.jpg,0.59352297
0577.jpg,0.69317293
0578.jpg,0.71180075
0579.jpg,0.56892395
0580.jpg,0.53753155
0581.jpg,0.63157856
0582.jpg,0.5774284
0583.jpg,0.9995135
0584.jpg,0.9995092
0585.jpg,0.73747194
0586.jpg,0.4328219
0587.jpg,0.0028399657
0588.jpg,0.999648
0589.jpg,0.67937946
0590.jpg,0.60175
0591.jpg,0.3097296
0592.jpg,0.38432282
0593.jpg,0.64062446
0594.jpg,0.99963045
0595.jpg,0.9995486
0596.jpg,0.999608
0597.jpg,0.9995303
0598.jpg,0.62012845
0599.jpg,0.6616083
0600.jpg,0.5229009
0601.jpg,0.6743075
0602.jpg,0.652475
0603.jpg,0.41883415
0604.jpg,0.002663536
0605.jpg,0.04862163
0606.jpg,0.5506566
0607.jpg,0.59210724
0608.jpg,0.068644464
0609.jpg,0.54353017
0610.jpg,0.8244304
0611.jpg,0.705768
0612.jpg,0.9996538
0613.jpg,0.7108237
0614.jpg,0.006728972
0615.jpg,0.0030398604
0616.jpg,0.99955815
0617.jpg,0.0024221141
0618.jpg,0.35655078
0619.jpg,0.53428686
0620.jpg,0.45461565
0621.jpg,0.42002457
0622.jpg,0.29850894
0623.jpg,0.668802
0624.jpg,0.42482707
0625.jpg,0.4656714
0626.jpg,0.6608554
0627.jpg,0.73936796
0628.jpg,0.99968207
0629.jpg,0.0027204964
0630.jpg,0.9993994
0631.jpg,0.41768387
0632.jpg,0.6451224
0633.jpg,0.65204394
0634.jpg,0.0315224
0635.jpg,0.0029556267
0636.jpg,0.030284993
0637.jpg,0.6675466
0638.jpg,0.0052287374
0639.jpg,0.6562523
0640.jpg,0.29287168
0641.jpg,0.68401
0642.jpg,0.36939457
0643.jpg,0.64780194
0644.jpg,0.53516
0645.jpg,0.67202777
0646.jpg,0.6929978
0647.jpg,0.002905979
0648.jpg,0.02925761
0649.jpg,0.0036148846
0650.jpg,0.61915857
0651.jpg,0.009784338
0652.jpg,0.71958154
0653.jpg,0.22701703
0654.jpg,0.15535837
0655.jpg,0.3014011
0656.jpg,0.7027025
0657.jpg,0.6880627
0658.jpg,0.69204706
0659.jpg,0.6750782
0660.jpg,0.5242713
0661.jpg,0.0029731449
0662.jpg,0.66836613
0663.jpg,0.0028583778
0664.jpg,0.9977709
0665.jpg,0.5140947
0666.jpg,0.4126731
0667.jpg,0.24428761
0668.jpg,0.9996916
0669.jpg,0.26146686
0670.jpg,0.99891114
0671.jpg,0.0027219818
0672.jpg,0.32127094
0673.jpg,0.06781541
0674.jpg,0.6785569
0675.jpg,0.57114595
0676.jpg,0.0027109936
0677.jpg,0.5169648
0678.jpg,0.012209961
0679.jpg,0.9996093
0680.jpg,0.58465564
0681.jpg,0.7006902
0682.jpg,0.0025220276
0683.jpg,0.73181
0684.jpg,0.6629045
0685.jpg,0.0026668124
0686.jpg,0.65369356
0687.jpg,0.63822925
0688.jpg,0.66308004
0689.jpg,0.9994301
0690.jpg,0.4725235
0691.jpg,0.9995105
0692.jpg,0.55767125
0693.jpg,0.11802523
0694.jpg,0.38095698
0695.jpg,0.9996325
0696.jpg,0.0029991372
0697.jpg,0.59328824
0698.jpg,0.58236164
0699.jpg,0.9996433
0700.jpg,0.88658035
0701.jpg,0.7356101
0702.jpg,0.68203014
0703.jpg,0.003033317
0704.jpg,0.5403173
0705.jpg,0.4295225
0706.jpg,0.5255046
0707.jpg,0.9997079
0708.jpg,0.67072093
0709.jpg,0.67753243
0710.jpg,0.9995982
0711.jpg,0.010531157
0712.jpg,0.011816472
0713.jpg,0.99941504
0714.jpg,0.7609776
0715.jpg,0.003151508
0716.jpg,0.0031717722
0717.jpg,0.9995441
0718.jpg,0.66579396
0719.jpg,0.4118766
0720.jpg,0.65321165
0721.jpg,0.14674768
0722.jpg,0.6507502
0723.jpg,0.6722821
0724.jpg,0.72222525
0725.jpg,0.525092
0726.jpg,0.99917406
0727.jpg,0.36583307
0728.jpg,0.6827482
0729.jpg,0.99956554
0730.jpg,0.953139
0731.jpg,0.3791883
0732.jpg,0.99952805
0733.jpg,0.25423947
0734.jpg,0.9986112
0735.jpg,0.5933158
0736.jpg,0.037108213
0737.jpg,0.016956942
0738.jpg,0.50554156
0739.jpg,0.65652317
0740.jpg,0.9996238
0741.jpg,0.0044853473
0742.jpg,0.63470596
0743.jpg,0.00765821
0744.jpg,0.11369635
0745.jpg,0.50781
0746.jpg,0.5330459
0747.jpg,0.83668625
0748.jpg,0.29349318
0749.jpg,0.0034045987
0750.jpg,0.9994468
0751.jpg,0.42684498
0752.jpg,0.71152884
0753.jpg,0.8750667
0754.jpg,0.8975511
0755.jpg,0.61775064
0756.jpg,0.714512
0757.jpg,0.42502603
0758.jpg,0.65603703
0759.jpg,0.52366674
0760.jpg,0.5611616
0761.jpg,0.5516663
0762.jpg,0.6366506
0763.jpg,0.6745857
0764.jpg,0.0029416434
0765.jpg,0.43006107
0766.jpg,0.0033214379
0767.jpg,0.43789127
0768.jpg,0.57502645
0769.jpg,0.4370625
0770.jpg,0.1278853
0771.jpg,0.61249584
0772.jpg,0.6160002
0773.jpg,0.37654957
0774.jpg,0.6104223
0775.jpg,0.0026913953
0776.jpg,0.6710122
0777.jpg,0.9996488
0778.jpg,0.545166
0779.jpg,0.5574996
0780.jpg,0.6750412
0781.jpg,0.03229774
0782.jpg,0.90909386
0783.jpg,0.8527211
0784.jpg,0.7305854
0785.jpg,0.7320082
0786.jpg,0.69611573
0787.jpg,0.5069362
0788.jpg,0.6843953
0789.jpg,0.009703628
0790.jpg,0.69071543
0791.jpg,0.76891184
0792.jpg,0.8731015
0793.jpg,0.4747113
0794.jpg,0.34166628
0795.jpg,0.9992568
0796.jpg,0.32885733
0797.jpg,0.70128363
0798.jpg,0.63017666
0799.jpg,0.0028125849
0800.jpg,0.65654886
0801.jpg,0.1604706
0802.jpg,0.9996125
0803.jpg,0.67040676
0804.jpg,0.49939764
0805.jpg,0.33797973
0806.jpg,0.815916
0807.jpg,0.2993266
0808.jpg,0.7026289
0809.jpg,0.7064793
0810.jpg,0.77567536
0811.jpg,0.04853033
0812.jpg,0.8425536
0813.jpg,0.66871357
0814.jpg,0.66220176
0815.jpg,0.9978083
0816.jpg,0.0026473803
0817.jpg,0.56498164
0818.jpg,0.6655996
0819.jpg,0.99145925
0820.jpg,0.68282735
0821.jpg,0.7178174
0822.jpg,0.27048618
0823.jpg,0.7793334
0824.jpg,0.013762707
0825.jpg,0.6965388
0826.jpg,0.6125975
0827.jpg,0.5778195
0828.jpg,0.7463105
0829.jpg,0.14400332
0830.jpg,0.99953043
0831.jpg,0.6358284
0832.jpg,0.40261918
0833.jpg,0.9994815
0834.jpg,0.78449833
0835.jpg,0.070283905
0836.jpg,0.5762885
0837.jpg,0.99941206
0838.jpg,0.6655183
0839.jpg,0.7031012
0840.jpg,0.0025884914
0841.jpg,0.9995474
0842.jpg,0.64213395
0843.jpg,0.3630063
0844.jpg,0.16600543
0845.jpg,0.95844895
0846.jpg,0.0033479212
0847.jpg,0.999589
0848.jpg,0.011248002
0849.jpg,0.378601
0850.jpg,0.65800923
0851.jpg,0.6620654
0852.jpg,0.99952054
0853.jpg,0.8442025
0854.jpg,0.09112368
0855.jpg,0.04468052
0856.jpg,0.42980328
0857.jpg,0.1387502
0858.jpg,0.014640544
0859.jpg,0.3253541
0860.jpg,0.99956614
0861.jpg,0.1939927
0862.jpg,0.6724379
0863.jpg,0.19155273
0864.jpg,0.35943946
0865.jpg,0.9051766
0866.jpg,0.0032297557
0867.jpg,0.6405363
0868.jpg,0.77518135
0869.jpg,0.27150849
0870.jpg,0.004440769
0871.jpg,0.1948582
0872.jpg,0.7315682
0873.jpg,0.99952984
0874.jpg,0.050360475
0875.jpg,0.28066844
0876.jpg,0.6505244
0877.jpg,0.6780764
0878.jpg,0.5653203
0879.jpg,0.28067097
0880.jpg,0.7119281
0881.jpg,0.6286317
0882.jpg,0.5229052
0883.jpg,0.6101445
0884.jpg,0.5345686
0885.jpg,0.0034408367
0886.jpg,0.56590253
0887.jpg,0.508073
0888.jpg,0.64656776
0889.jpg,0.93262506
0890.jpg,0.3875699
0891.jpg,0.0030499613
0892.jpg,0.0024680558
0893.jpg,0.002592006
0894.jpg,0.09686043
0895.jpg,0.40289542
0896.jpg,0.6304974
0897.jpg,0.5890346
0898.jpg,0.64280236
0899.jpg,0.56796706
0900.jpg,0.9995443
0901.jpg,0.5068231
0902.jpg,0.4071434
0903.jpg,0.4623937
0904.jpg,0.5852863
0905.jpg,0.31451896
0906.jpg,0.77601296
0907.jpg,0.525167
0908.jpg,0.0033080708
0909.jpg,0.002793845
0910.jpg,0.5789523
0911.jpg,0.13207982
0912.jpg,0.58001864
0913.jpg,0.46913266
0914.jpg,0.99853647
0915.jpg,0.7216856
0916.jpg,0.99963117
0917.jpg,0.19904998
0918.jpg,0.6731846
0919.jpg,0.030475907
0920.jpg,0.63974065
0921.jpg,0.8165297
0922.jpg,0.99947494
0923.jpg,0.7308538
0924.jpg,0.3453323
0925.jpg,0.6978979
0926.jpg,0.9995689
0927.jpg,0.7348771
0928.jpg,0.602144
0929.jpg,0.0031171313
0930.jpg,0.9124383
0931.jpg,0.56800675
0932.jpg,0.12064979
0933.jpg,0.67305535
0934.jpg,0.52894914
0935.jpg,0.6750963
0936.jpg,0.0076479185
0937.jpg,0.025655475
0938.jpg,0.42548463
0939.jpg,0.34590954
0940.jpg,0.75384605
0941.jpg,0.6915729
0942.jpg,0.7641752
0943.jpg,0.70169497
0944.jpg,0.7683055
0945.jpg,0.7950417
0946.jpg,0.5244684
0947.jpg,0.99959093
0948.jpg,0.7591512
0949.jpg,0.34550315
0950.jpg,0.64603746
0951.jpg,0.007445609
0952.jpg,0.6347075
0953.jpg,0.63300616
0954.jpg,0.11866885
0955.jpg,0.0028063355
0956.jpg,0.27505022
0957.jpg,0.7287618
0958.jpg,0.0029975963
0959.jpg,0.14662859
0960.jpg,0.9994886
0961.jpg,0.6586873
0962.jpg,0.668273
0963.jpg,0.6770801
0964.jpg,0.1255463
0965.jpg,0.044454627
0966.jpg,0.24992682
0967.jpg,0.9424769
0968.jpg,0.6848625
0969.jpg,0.18899469
0970.jpg,0.9996228
0971.jpg,0.5646534
0972.jpg,0.66781247
0973.jpg,0.03899993
0974.jpg,0.18154456
0975.jpg,0.28169656
0976.jpg,0.004574279
0977.jpg,0.6526518
0978.jpg,0.15704097
0979.jpg,0.59260166
0980.jpg,0.6509824
0981.jpg,0.9996032
0982.jpg,0.5027542
0983.jpg,0.29574582
0984.jpg,0.616513
0985.jpg,0.539906
0986.jpg,0.6657098
0987.jpg,0.9979893
0988.jpg,0.0028494706
0989.jpg,0.9995919
0990.jpg,0.36660078
0991.jpg,0.5643458
0992.jpg,0.5135714
0993.jpg,0.74892193
0994.jpg,0.27331257
0995.jpg,0.572831
0996.jpg,0.66777885
0997.jpg,0.652852
0998.jpg,0.7214863
0999.jpg,0.9873301
1000.jpg,0.8465028
1001.jpg,0.67646587
1002.jpg,0.99950075
1003.jpg,0.7615025
1004.jpg,0.4876965
1005.jpg,0.021606667
1006.jpg,0.010619374
1007.jpg,0.1973465
1008.jpg,0.70547616
1009.jpg,0.25131735
1010.jpg,0.46407035
1011.jpg,0.6242347
1012.jpg,0.003758728
1013.jpg,0.59657013
1014.jpg,0.50897634
1015.jpg,0.6454729
1016.jpg,0.5395828
1017.jpg,0.6997736
1018.jpg,0.003064601
1019.jpg,0.57785773
1020.jpg,0.021387288
1021.jpg,0.0041834973
1022.jpg,0.28497955
1023.jpg,0.40311176
1024.jpg,0.114544615
1025.jpg,0.279996
1026.jpg,0.9995983
1027.jpg,0.6258613
1028.jpg,0.35197407
1029.jpg,0.999694
1030.jpg,0.0062657087
1031.jpg,0.65075815
1032.jpg,0.42691216
1033.jpg,0.40463492
1034.jpg,0.6484181
1035.jpg,0.22673014
1036.jpg,0.34491566
1037.jpg,0.721388
1038.jpg,0.59826237
1039.jpg,0.6579253
1040.jpg,0.80329853
1041.jpg,0.7708781
1042.jpg,0.0070420327
1043.jpg,0.6346256
1044.jpg,0.7444683
1045.jpg,0.79331005
1046.jpg,0.3937112
1047.jpg,0.4013383
1048.jpg,0.6652052
1049.jpg,0.99919814
1050.jpg,0.99959606
1051.jpg,0.16174312
1052.jpg,0.582505
1053.jpg,0.61533123
1054.jpg,0.44498017
1055.jpg,0.29811084
1056.jpg,0.5405409
1057.jpg,0.3256814
1058.jpg,0.10601113
1059.jpg,0.23247816
1060.jpg,0.0026485666
1061.jpg,0.99818027
1062.jpg,0.67031944
1063.jpg,0.40524977
1064.jpg,0.672336
1065.jpg,0.98497653
1066.jpg,0.8036039
1067.jpg,0.49114457
1068.jpg,0.704493
1069.jpg,0.7054422
1070.jpg,0.96875954
1071.jpg,0.3855876
1072.jpg,0.05530506
1073.jpg,0.72619313
1074.jpg,0.64263505
1075.jpg,0.7586336
1076.jpg,0.5197171
1077.jpg,0.40345612
1078.jpg,0.0057090027
1079.jpg,0.0030142772
1080.jpg,0.76930386
1081.jpg,0.40656656
1082.jpg,0.43502924
1083.jpg,0.34933332
1084.jpg,0.0065779425
1085.jpg,0.49275148
1086.jpg,0.47157553
1087.jpg,0.0032875156
1088.jpg,0.9994098
1089.jpg,0.50238025
1090.jpg,0.99957556
1091.jpg,0.09059351
1092.jpg,0.0029226993
1093.jpg,0.74980253
1094.jpg,0.62675864
1095.jpg,0.39217824
1096.jpg,0.6877793
1097.jpg,0.61056364
1098.jpg,0.0042712186
1099.jpg,0.31292984
1100.jpg,0.31680152
1101.jpg,0.6509688
1102.jpg,0.0031064262
1103.jpg,0.08484236
1104.jpg,0.022832299
1105.jpg,0.9994313
1106.jpg,0.37506956
1107.jpg,0.63153255
1108.jpg,0.002685144
1109.jpg,0.7021209
1110.jpg,0.9995703
1111.jpg,0.6657804
1112.jpg,0.99951756
1113.jpg,0.47005147
1114.jpg,0.9995414
1115.jpg,0.65955675
1116.jpg,0.023468021
1117.jpg,0.9910987
1118.jpg,0.6367902
1119.jpg,0.4641403
1120.jpg,0.9995036
1121.jpg,0.9994968
1122.jpg,0.9987073
1123.jpg,0.1705987
1124.jpg,0.5472425
1125.jpg,0.0036669807
1126.jpg,0.5958282
1127.jpg,0.6510788
1128.jpg,0.40986562
1129.jpg,0.7062379
1130.jpg,0.7019052
1131.jpg,0.5429739
1132.jpg,0.6661398
1133.jpg,0.0048074163
1134.jpg,0.14913245
1135.jpg,0.7072731
1136.jpg,0.00275962
1137.jpg,0.5220833
1138.jpg,0.6757396
1139.jpg,0.414633
1140.jpg,0.38371667
1141.jpg,0.1541774
1142.jpg,0.005361882
1143.jpg,0.11367609
1144.jpg,0.28361374
1145.jpg,0.4572521
1146.jpg,0.6480339
1147.jpg,0.69168144
1148.jpg,0.6331043
1149.jpg,0.064058684
1150.jpg,0.67386734
1151.jpg,0.464539
1152.jpg,0.6241495
1153.jpg,0.7202758
1154.jpg,0.6598082
1155.jpg,0.6503767
1156.jpg,0.013440858
1157.jpg,0.0049276142
1158.jpg,0.25263283
1159.jpg,0.0036664703
1160.jpg,0.7006817
1161.jpg,0.99967
1162.jpg,0.23792161
1163.jpg,0.6613181
1164.jpg,0.8812056
1165.jpg,0.71482253
1166.jpg,0.675435
1167.jpg,0.0027230203
1168.jpg,0.99954623
1169.jpg,0.40969995
1170.jpg,0.40937725
1171.jpg,0.3652226
1172.jpg,0.6810844
1173.jpg,0.35132316
1174.jpg,0.3628431
1175.jpg,0.6242041
1176.jpg,0.9995654
1177.jpg,0.4077227
1178.jpg,0.99945754
1179.jpg,0.6805559
1180.jpg,0.99948823
1181.jpg,0.9994646
1182.jpg,0.72870517
1183.jpg,0.522363
1184.jpg,0.0025136243
1185.jpg,0.011784155
1186.jpg,0.410409
1187.jpg,0.77089924
1188.jpg,0.002570182
1189.jpg,0.023258666
1190.jpg,0.32353348
1191.jpg,0.3512851
1192.jpg,0.23213439
1193.jpg,0.0754654
1194.jpg,0.9244198
1195.jpg,0.057093047
1196.jpg,0.64604104
1197.jpg,0.07947759
1198.jpg,0.039784666
1199.jpg,0.99952626
1200.jpg,0.6518623
1201.jpg,0.7260239
1202.jpg,0.9995159
1203.jpg,0.75165385
1204.jpg,0.8546515
1205.jpg,0.7666039
1206.jpg,0.0049855304
1207.jpg,0.99887913
1208.jpg,0.9994764
1209.jpg,0.5347022
1210.jpg,0.99960583
1211.jpg,0.6504448
1212.jpg,0.0027983496
1213.jpg,0.7838549
1214.jpg,0.99948895
1215.jpg,0.002926992
1216.jpg,0.721415
1217.jpg,0.54899025
1218.jpg,0.04075398
1219.jpg,0.4807837
1220.jpg,0.6665425
1221.jpg,0.018314037
1222.jpg,0.5371693
1223.jpg,0.6397527
1224.jpg,0.49253303
1225.jpg,0.15460902
1226.jpg,0.6253276
1227.jpg,0.75359446
1228.jpg,0.8606895
1229.jpg,0.5918371
1230.jpg,0.29569975
1231.jpg,0.041897513
1232.jpg,0.9994742
1233.jpg,0.5795182
1234.jpg,0.3899514
1235.jpg,0.42550611
1236.jpg,0.7920808
1237.jpg,0.99951696
1238.jpg,0.81751037
1239.jpg,0.002622597
1240.jpg,0.6822815
1241.jpg,0.81230605
1242.jpg,0.29868594
1243.jpg,0.22563249
1244.jpg,0.28813457
1245.jpg,0.019290777
1246.jpg,0.99953485
1247.jpg,0.77118635
1248.jpg,0.27321962
1249.jpg,0.15466084
1250.jpg,0.1398787
1251.jpg,0.88516486
1252.jpg,0.14413002
1253.jpg,0.31301957
1254.jpg,0.7179448
1255.jpg,0.5802027
1256.jpg,0.99609536
1257.jpg,0.2466507
1258.jpg,0.25389338
1259.jpg,0.21964574
1260.jpg,0.9996008
1261.jpg,0.3492465
1262.jpg,0.6902536
1263.jpg,0.003311283
1264.jpg,0.012804429
1265.jpg,0.4924105
1266.jpg,0.26496837
1267.jpg,0.51125133
1268.jpg,0.46426338
1269.jpg,0.99959
1270.jpg,0.58916694
1271.jpg,0.0027111925
1272.jpg,0.9995701
1273.jpg,0.2809563
1274.jpg,0.99958926
1275.jpg,0.09143192
1276.jpg,0.10515122
1277.jpg,0.67293054
1278.jpg,0.005906604
1279.jpg,0.26385286
1280.jpg,0.5124218
1281.jpg,0.6921567
1282.jpg,0.65701395
1283.jpg,0.67385125
1284.jpg,0.58398646
1285.jpg,0.5623139
1286.jpg,0.6615955
1287.jpg,0.6629835
1288.jpg,0.11639345
1289.jpg,0.6714735
1290.jpg,0.5216129
1291.jpg,0.11371768
1292.jpg,0.008922429
1293.jpg,0.4490816
1294.jpg,0.9995486
1295.jpg,0.9916209
1296.jpg,0.021711133
1297.jpg,0.7926956
1298.jpg,0.6079557
1299.jpg,0.0046996344
1300.jpg,0.6935755
1301.jpg,0.70361924
1302.jpg,0.63543653
1303.jpg,0.7106179
1304.jpg,0.002948615
1305.jpg,0.32865527
1306.jpg,0.99931204
1307.jpg,0.62714815
1308.jpg,0.0031831842
1309.jpg,0.52299863
1310.jpg,0.21218641
1311.jpg,0.55797637
1312.jpg,0.99960893
1313.jpg,0.9365521
1314.jpg,0.9995227
1315.jpg,0.9995165
1316.jpg,0.235442
1317.jpg,0.09911953
1318.jpg,0.044890523
1319.jpg,0.73753804
1320.jpg,0.4432016
1321.jpg,0.7273759
1322.jpg,0.56558865
1323.jpg,0.38625035
1324.jpg,0.6504638
1325.jpg,0.004418326
1326.jpg,0.3897108
1327.jpg,0.49748546
1328.jpg,0.6565064
1329.jpg,0.10796547
1330.jpg,0.39877138
1331.jpg,0.20126829
1332.jpg,0.6397837
1333.jpg,0.51820195
1334.jpg,0.12959884
1335.jpg,0.021547938
1336.jpg,0.999607
1337.jpg,0.6839046
1338.jpg,0.66574234
1339.jpg,0.46506524
1340.jpg,0.99947304
1341.jpg,0.04410291
1342.jpg,0.45181
1343.jpg,0.53077674
1344.jpg,0.6629561
1345.jpg,0.0029421886
1346.jpg,0.62923294
1347.jpg,0.9995869
1348.jpg,0.99952734
1349.jpg,0.0027105606
1350.jpg,0.35480362
1351.jpg,0.17813073
1352.jpg,0.77189523
1353.jpg,0.29252225
1354.jpg,0.057482027
1355.jpg,0.99954337
1356.jpg,0.0030275183
1357.jpg,0.0037256605
1358.jpg,0.79247344
1359.jpg,0.50102013
1360.jpg,0.90461755
1361.jpg,0.49215484
1362.jpg,0.24606772
1363.jpg,0.5714029
1364.jpg,0.0049665556
1365.jpg,0.6177151
1366.jpg,0.43229
1367.jpg,0.002767805
1368.jpg,0.99959534
1369.jpg,0.99958986
1370.jpg,0.724529
1371.jpg,0.31350395
1372.jpg,0.7931949
1373.jpg,0.67545766
1374.jpg,0.0027371126
1375.jpg,0.0028192648
1376.jpg,0.59165347
1377.jpg,0.5629351
1378.jpg,0.73735607
1379.jpg,0.52659005
1380.jpg,0.999482
1381.jpg,0.50393695
1382.jpg,0.77438015
1383.jpg,0.0027048758
1384.jpg,0.005310822
1385.jpg,0.0044562677
1386.jpg,0.0031839893
1387.jpg,0.45748496
1388.jpg,0.0028703695
1389.jpg,0.002772658
1390.jpg,0.74559134
1391.jpg,0.002624933
1392.jpg,0.011758783
1393.jpg,0.9995297
1394.jpg,0.0027376579
1395.jpg,0.16933453
1396.jpg,0.3810106
1397.jpg,0.999495
1398.jpg,0.22388324
1399.jpg,0.92510664
1400.jpg,0.8275722
1401.jpg,0.99967337
1402.jpg,0.5105616
1403.jpg,0.0026076224
1404.jpg,0.54985666
1405.jpg,0.26649067
1406.jpg,0.5139046
1407.jpg,0.9995289
1408.jpg,0.01782257
1409.jpg,0.017299803
1410.jpg,0.7592941
1411.jpg,0.003632195
1412.jpg,0.32415017
1413.jpg,0.002877583
1414.jpg,0.5312624
1415.jpg,0.8112853
1416.jpg,0.9995639
1417.jpg,0.6413481
1418.jpg,0.46348014
1419.jpg,0.610586
1420.jpg,0.7280501
1421.jpg,0.9996773
1422.jpg,0.0034594135
1423.jpg,0.5521888
1424.jpg,0.0049292585
1425.jpg,0.63844347
1426.jpg,0.99949074
1427.jpg,0.53943807
1428.jpg,0.9996172
1429.jpg,0.6602548
1430.jpg,0.0027439543
1431.jpg,0.9997032
1432.jpg,0.4184655
1433.jpg,0.5962098
1434.jpg,0.46701762
1435.jpg,0.7044762
1436.jpg,0.0028048295
1437.jpg,0.66747147
1438.jpg,0.9995778
1439.jpg,0.7218422
1440.jpg,0.18625754
1441.jpg,0.8373233
1442.jpg,0.00304187
1443.jpg,0.9965978
1444.jpg,0.08454619
1445.jpg,0.30781084
1446.jpg,0.99958056
1447.jpg,0.09660589
1448.jpg,0.903019
1449.jpg,0.00966184
1450.jpg,0.7095052
1451.jpg,0.6201469
1452.jpg,0.50251114
1453.jpg,0.6419896
1454.jpg,0.4884017
1455.jpg,0.3191679
1456.jpg,0.7901859
1457.jpg,0.033294242
1458.jpg,0.73434806
1459.jpg,0.59873486
1460.jpg,0.65839005
1461.jpg,0.99966526
1462.jpg,0.31783172
1463.jpg,0.49548966
1464.jpg,0.71227556
1465.jpg,0.0030187946
1466.jpg,0.28969494
1467.jpg,0.30071577
1468.jpg,0.1085775
1469.jpg,0.003173989
1470.jpg,0.6655449
1471.jpg,0.9996045
1472.jpg,0.678421
1473.jpg,0.27647212
1474.jpg,0.21994072
1475.jpg,0.10809031
1476.jpg,0.702209
1477.jpg,0.0034359314
1478.jpg,0.0032667925
1479.jpg,0.45977128
1480.jpg,0.99655557
1481.jpg,0.8582576
1482.jpg,0.0032098193
1483.jpg,0.018498952
1484.jpg,0.8932302
1485.jpg,0.003165785
1486.jpg,0.7044907
1487.jpg,0.003151171
1488.jpg,0.0057566892
1489.jpg,0.6285627
1490.jpg,0.8560353
1491.jpg,0.40766448
1492.jpg,0.9994855
1493.jpg,0.9996055
1494.jpg,0.01776098
1495.jpg,0.6679675
1496.jpg,0.06686901
1497.jpg,0.765299
1498.jpg,0.65817237
1499.jpg,0.99957544
1500.jpg,0.004170601
1501.jpg,0.0027671405
1502.jpg,0.35631326
1503.jpg,0.9714155
1504.jpg,0.771236
1505.jpg,0.98961115
1506.jpg,0.010745554
1507.jpg,0.66904604
1508.jpg,0.026211485
1509.jpg,0.6883582
1510.jpg,0.99776745
1511.jpg,0.45064273
1512.jpg,0.9995171
1513.jpg,0.9966306
1514.jpg,0.710218
1515.jpg,0.6615071
1516.jpg,0.70406854
1517.jpg,0.0053620115
1518.jpg,0.67560935
1519.jpg,0.54330397
1520.jpg,0.6807733
1521.jpg,0.42526847
1522.jpg,0.3456636
1523.jpg,0.66699356
1524.jpg,0.0060530333
1525.jpg,0.61188203
1526.jpg,0.77128667
1527.jpg,0.73905027
1528.jpg,0.67153645
1529.jpg,0.070448674
1530.jpg,0.104241244
1531.jpg,0.5226996
1532.jpg,0.99950886
1533.jpg,0.5003278
1534.jpg,0.99914575
1535.jpg,0.41900972
1536.jpg,0.16600767
1537.jpg,0.19443412
1538.jpg,0.67203015
1539.jpg,0.7288322
1540.jpg,0.27942416
1541.jpg,0.9991155
1542.jpg,0.99950814
1543.jpg,0.6578175
1544.jpg,0.66666365
1545.jpg,0.6537419
1546.jpg,0.9996147
1547.jpg,0.32841375
1548.jpg,0.9995165
1549.jpg,0.6930399
1550.jpg,0.583341
1551.jpg,0.75904036
1552.jpg,0.7800484
1553.jpg,0.6694046
1554.jpg,0.11368813
1555.jpg,0.0038763795
1556.jpg,0.9988638
1557.jpg,0.6743161
1558.jpg,0.01146751
1559.jpg,0.99960965
1560.jpg,0.024035253
1561.jpg,0.63256705
1562.jpg,0.5174555
1563.jpg,0.090627715
1564.jpg,0.5292359
1565.jpg,0.5252886
1566.jpg,0.9995196
1567.jpg,0.66605335
1568.jpg,0.43680865
1569.jpg,0.6270135
1570.jpg,0.6634208
1571.jpg,0.0025767733
1572.jpg,0.37567258
1573.jpg,0.99961543
1574.jpg,0.5546234
1575.jpg,0.0150576215
1576.jpg,0.017138112
1577.jpg,0.2676594
1578.jpg,0.72482896
1579.jpg,0.94576037
1580.jpg,0.64073217
1581.jpg,0.9995104
1582.jpg,0.6730177
1583.jpg,0.6252249
1584.jpg,0.999705
1585.jpg,0.9518495
1586.jpg,0.0029394692
1587.jpg,0.94241583
1588.jpg,0.0058813337
1589.jpg,0.99952793
1590.jpg,0.5133831
1591.jpg,0.99956125
1592.jpg,0.66957295
1593.jpg,0.0027119145
1594.jpg,0.9970547
1595.jpg,0.6769346
1596.jpg,0.4351176
1597.jpg,0.65791357
1598.jpg,0.99946886
1599.jpg,0.702886
1600.jpg,0.5611587
1601.jpg,0.0045945593
1602.jpg,0.4300855
1603.jpg,0.5652163
1604.jpg,0.666644
1605.jpg,0.80131745
1606.jpg,0.0026366676
1607.jpg,0.9990734
1608.jpg,0.34996513
1609.jpg,0.7446734
1610.jpg,0.9997037
1611.jpg,0.0046571097
1612.jpg,0.7574307
1613.jpg,0.4122871
1614.jpg,0.03513319
1615.jpg,0.9995946
1616.jpg,0.33973745
1617.jpg,0.80459595
1618.jpg,0.5183975
1619.jpg,0.37374339
1620.jpg,0.6602972
1621.jpg,0.53679615
1622.jpg,0.37237734
1623.jpg,0.5474883
1624.jpg,0.67575806
1625.jpg,0.93892556
1626.jpg,0.14788805
1627.jpg,0.99969244
1628.jpg,0.667522
1629.jpg,0.60455996
1630.jpg,0.8813053
1631.jpg,0.99953747
1632.jpg,0.99953663
1633.jpg,0.7806328
1634.jpg,0.965129
1635.jpg,0.58532214
1636.jpg,0.7783958
1637.jpg,0.005341576
1638.jpg,0.6534601
1639.jpg,0.020934729
1640.jpg,0.6469995
1641.jpg,0.037465975
1642.jpg,0.6586341
1643.jpg,0.1300997
1644.jpg,0.6608753
1645.jpg,0.59598845
1646.jpg,0.46516794
1647.jpg,0.6535413
1648.jpg,0.6468256
1649.jpg,0.7501259
1650.jpg,0.010382355
1651.jpg,0.7661177
1652.jpg,0.10344548
1653.jpg,0.30316508
1654.jpg,0.44719625
1655.jpg,0.0042447885
1656.jpg,0.1805227
1657.jpg,0.0026449503
1658.jpg,0.9645637
1659.jpg,0.9995136
1660.jpg,0.51483107
1661.jpg,0.9995372
1662.jpg,0.002941449
1663.jpg,0.0026508386
1664.jpg,0.66358536
1665.jpg,0.9995925
1666.jpg,0.002969887
1667.jpg,0.3530354
1668.jpg,0.6972777
1669.jpg,0.03669216
1670.jpg,0.0025832325
1671.jpg,0.08126659
1672.jpg,0.7088224
1673.jpg,0.012813678
1674.jpg,0.20689979
1675.jpg,0.64347374
1676.jpg,0.18709543
1677.jpg,0.0036745807
1678.jpg,0.5206095
1679.jpg,0.57130355
1680.jpg,0.09047645
1681.jpg,0.20982991
1682.jpg,0.10620817
1683.jpg,0.9994641
1684.jpg,0.7526544
1685.jpg,0.0030464865
1686.jpg,0.7720584
1687.jpg,0.9733941
1688.jpg,0.4860823
1689.jpg,0.68843997
1690.jpg,0.060387455
1691.jpg,0.9896695
1692.jpg,0.55963576
1693.jpg,0.99951744
1694.jpg,0.24988481
1695.jpg,0.70570236
1696.jpg,0.56917655
1697.jpg,0.6533884
1698.jpg,0.99967957
1699.jpg,0.5159103
1700.jpg,0.5565704
1701.jpg,0.073369764
1702.jpg,0.0031704097
1703.jpg,0.6213882
1704.jpg,0.44247568
1705.jpg,0.6659167
1706.jpg,0.3815546
1707.jpg,0.034257643
1708.jpg,0.0041866847
1709.jpg,0.2877331
1710.jpg,0.76742995
1711.jpg,0.6821647
1712.jpg,0.528388
1713.jpg,0.1967842
1714.jpg,0.64011985
1715.jpg,0.67230076
1716.jpg,0.83437866
1717.jpg,0.99959856
1718.jpg,0.06313195
1719.jpg,0.8952924
1720.jpg,0.0027026758
1721.jpg,0.5251163
1722.jpg,0.52318543
1723.jpg,0.09186473
1724.jpg,0.6616373
1725.jpg,0.003019953
1726.jpg,0.0028774817
1727.jpg,0.95024985
1728.jpg,0.43584335
1729.jpg,0.65838426
1730.jpg,0.6639445
1731.jpg,0.03407295
1732.jpg,0.045840725
1733.jpg,0.14914657
1734.jpg,0.003277777
1735.jpg,0.9977118
1736.jpg,0.9995927
1737.jpg,0.6753051
1738.jpg,0.9507261
1739.jpg,0.3210634
1740.jpg,0.5440999
1741.jpg,0.12853011
1742.jpg,0.6563707
1743.jpg,0.5258135
1744.jpg,0.6526413
1745.jpg,0.72772956
1746.jpg,0.6617118
1747.jpg,0.86641127
1748.jpg,0.14931615
1749.jpg,0.615791
1750.jpg,0.3298076
1751.jpg,0.05755107
1752.jpg,0.5286587
1753.jpg,0.3631572
1754.jpg,0.6737234
1755.jpg,0.7186209
1756.jpg,0.70607877
1757.jpg,0.29031318
1758.jpg,0.6688119
1759.jpg,0.67314166
1760.jpg,0.6356548
1761.jpg,0.035275016
1762.jpg,0.7376876
1763.jpg,0.9020764
1764.jpg,0.037681166
1765.jpg,0.8447162
1766.jpg,0.99966455
1767.jpg,0.45957673
1768.jpg,0.8756484
1769.jpg,0.5732838
1770.jpg,0.42911562
1771.jpg,0.6502784
1772.jpg,0.80600065
1773.jpg,0.26561412
1774.jpg,0.0031542927
1775.jpg,0.7201841
1776.jpg,0.6634022
1777.jpg,0.044113517
1778.jpg,0.69177794
1779.jpg,0.11663666
1780.jpg,0.37109262
1781.jpg,0.48502365
1782.jpg,0.9951403
1783.jpg,0.6527222
1784.jpg,0.3497582
1785.jpg,0.55389196
1786.jpg,0.06379654
1787.jpg,0.54181874
1788.jpg,0.24394217
1789.jpg,0.66991264
1790.jpg,0.42667562
1791.jpg,0.47131285
1792.jpg,0.70469904
1793.jpg,0.64736843
1794.jpg,0.3856024
1795.jpg,0.0064539737
1796.jpg,0.3336956
1797.jpg,0.0028583165
1798.jpg,0.23145033
1799.jpg,0.6406484
1800.jpg,0.60372347
1801.jpg,0.3874149
1802.jpg,0.6454827
1803.jpg,0.80009556
1804.jpg,0.14233528
1805.jpg,0.010236019
1806.jpg,0.6608363
1807.jpg,0.101470724
1808.jpg,0.71662873
1809.jpg,0.520326
1810.jpg,0.002917651
1811.jpg,0.54983306
1812.jpg,0.11755274
1813.jpg,0.44251195
1814.jpg,0.32782987
1815.jpg,0.005544604
1816.jpg,0.7634518
1817.jpg,0.50832707
1818.jpg,0.6460567
1819.jpg,0.9995933
1820.jpg,0.999699
1821.jpg,0.5185557
1822.jpg,0.54490453
1823.jpg,0.99958545
1824.jpg,0.38794672
1825.jpg,0.99952686
1826.jpg,0.46105987
1827.jpg,0.99945956
1828.jpg,0.6654827
1829.jpg,0.73040265
1830.jpg,0.5390936
1831.jpg,0.9996568
1832.jpg,0.6704104
1833.jpg,0.4949516
1834.jpg,0.015024631
1835.jpg,0.27844375
1836.jpg,0.9646726
1837.jpg,0.47366986
1838.jpg,0.6683836
1839.jpg,0.29307204
1840.jpg,0.0036604446
1841.jpg,0.9996948
1842.jpg,0.66578877
1843.jpg,0.8745722
1844.jpg,0.6507862
1845.jpg,0.650221
1846.jpg,0.5864394
1847.jpg,0.7628684
1848.jpg,0.9995228
1849.jpg,0.0023893907
1850.jpg,0.02148604
1851.jpg,0.0029253087
1852.jpg,0.84760433
1853.jpg,0.7579205
1854.jpg,0.3509415
1855.jpg,0.46806303
1856.jpg,0.64451045
1857.jpg,0.26091528
1858.jpg,0.9230768
1859.jpg,0.66372555
1860.jpg,0.4100568
1861.jpg,0.4686272
1862.jpg,0.99951124
1863.jpg,0.36339825
1864.jpg,0.6846671
1865.jpg,0.22639647
1866.jpg,0.9989699
1867.jpg,0.9995975
1868.jpg,0.64636654
1869.jpg,0.67045045
1870.jpg,0.26818094
1871.jpg,0.64808774
1872.jpg,0.6837673
1873.jpg,0.5624634
1874.jpg,0.0029106112
1875.jpg,0.8923359
1876.jpg,0.73481834
1877.jpg,0.68505114
1878.jpg,0.99959654
1879.jpg,0.53246874
1880.jpg,0.9996094
1881.jpg,0.9993843
1882.jpg,0.76325923
1883.jpg,0.38515082
1884.jpg,0.27909625
1885.jpg,0.004218942
1886.jpg,0.21906653
1887.jpg,0.055345718
1888.jpg,0.59324974
1889.jpg,0.111088626
1890.jpg,0.004866736
1891.jpg,0.7564451
1892.jpg,0.023158442
1893.jpg,0.5431329
1894.jpg,0.6776245
1895.jpg,0.58336616
1896.jpg,0.9995216
1897.jpg,0.82271814
1898.jpg,0.31787026
1899.jpg,0.589526
1900.jpg,0.2869804
1901.jpg,0.7519499
1902.jpg,0.0034591027
1903.jpg,0.3899158
1904.jpg,0.88627344
1905.jpg,0.8053637
1906.jpg,0.5214938
1907.jpg,0.58802813
1908.jpg,0.5699646
1909.jpg,0.020843782
1910.jpg,0.0026392732
1911.jpg,0.64284956
1912.jpg,0.0038086295
1913.jpg,0.0030544621
1914.jpg,0.030122655
1915.jpg,0.10582194
1916.jpg,0.5360784
1917.jpg,0.5419924
1918.jpg,0.729318
1919.jpg,0.805818
1920.jpg,0.09566384
1921.jpg,0.041818548
1922.jpg,0.7387095
1923.jpg,0.99965537
1924.jpg,0.003096797
1925.jpg,0.7122721
1926.jpg,0.32492524
1927.jpg,0.7226275
1928.jpg,0.024731724
1929.jpg,0.0027467937
1930.jpg,0.6561251
1931.jpg,0.1352092
1932.jpg,0.2603902
1933.jpg,0.53441215
1934.jpg,0.010519503
1935.jpg,0.8173778
1936.jpg,0.735509
1937.jpg,0.16580208
1938.jpg,0.6800798
1939.jpg,0.012647634
1940.jpg,0.8187278
1941.jpg,0.9943434
1942.jpg,0.7144414
1943.jpg,0.9736615
1944.jpg,0.68900883
1945.jpg,0.9732011
1946.jpg,0.56899804
1947.jpg,0.6620339
1948.jpg,0.59040844
1949.jpg,0.67699456
1950.jpg,0.9995105
1951.jpg,0.42398056
1952.jpg,0.66058296
1953.jpg,0.9270787
1954.jpg,0.6114029
1955.jpg,0.009431425
1956.jpg,0.9756507
1957.jpg,0.9995328
1958.jpg,0.7826586
1959.jpg,0.005144619
1960.jpg,0.062266864
1961.jpg,0.99962246
1962.jpg,0.59197366
1963.jpg,0.2587501
1964.jpg,0.014898138
1965.jpg,0.7585023
1966.jpg,0.76121145
1967.jpg,0.6421119
1968.jpg,0.6223319
1969.jpg,0.681216
1970.jpg,0.0026645444
1971.jpg,0.67198795
1972.jpg,0.0160843
1973.jpg,0.999587
1974.jpg,0.66222584
1975.jpg,0.05326627
1976.jpg,0.032156438
1977.jpg,0.586632
1978.jpg,0.0028056763
1979.jpg,0.5515902
1980.jpg,0.7142083
1981.jpg,0.7712077
1982.jpg,0.69715744
1983.jpg,0.6559769
1984.jpg,0.67464894
1985.jpg,0.30286855
1986.jpg,0.7091396
1987.jpg,0.55619586
1988.jpg,0.41535518
1989.jpg,0.6611174
1990.jpg,0.60481817
1991.jpg,0.0021788566
1992.jpg,0.0059760483
1993.jpg,0.0027457988
1994.jpg,0.33190966
1995.jpg,0.97472954
1996.jpg,0.99953353
1997.jpg,0.74978256
1998.jpg,0.63377935
1999.jpg,0.14457797
2000.jpg,0.12538475
2001.jpg,0.73201627
2002.jpg,0.089605354
2003.jpg,0.67395365
2004.jpg,0.5242762
2005.jpg,0.009561143
2006.jpg,0.50187624
2007.jpg,0.99952996
2008.jpg,0.6551637
2009.jpg,0.67271
2010.jpg,0.5757507
2011.jpg,0.0033460557
2012.jpg,0.0028292115
2013.jpg,0.0028515225
2014.jpg,0.51447904
2015.jpg,0.9995121
2016.jpg,0.7592048
2017.jpg,0.9992798
2018.jpg,0.6775255
2019.jpg,0.25501332
2020.jpg,0.003074275
2021.jpg,0.055457722
2022.jpg,0.03052949
2023.jpg,0.31982297
2024.jpg,0.66317606
2025.jpg,0.20599295
2026.jpg,0.002651619
2027.jpg,0.2160252
2028.jpg,0.6605156
2029.jpg,0.5535322
2030.jpg,0.36413753
2031.jpg,0.6924594
2032.jpg,0.009832024
2033.jpg,0.291342
2034.jpg,0.99937755
2035.jpg,0.65058225
2036.jpg,0.6942316
2037.jpg,0.6280184
2038.jpg,0.66684073
2039.jpg,0.0039009543
2040.jpg,0.0034140148
2041.jpg,0.7540845
2042.jpg,0.23726104
2043.jpg,0.99942565
2044.jpg,0.6129293
2045.jpg,0.0028598665
2046.jpg,0.53506476
2047.jpg,0.521913
2048.jpg,0.62959796
2049.jpg,0.004571058
2050.jpg,0.3531741
2051.jpg,0.6475567
2052.jpg,0.5893351
2053.jpg,0.66896164
2054.jpg,0.74260926
2055.jpg,0.77974224
2056.jpg,0.75962067
2057.jpg,0.011438331
2058.jpg,0.06024317
2059.jpg,0.4873779
2060.jpg,0.9557612
2061.jpg,0.6148597
2062.jpg,0.0034977016
2063.jpg,0.2150092
2064.jpg,0.0028845856
2065.jpg,0.002481873
2066.jpg,0.6637985
2067.jpg,0.024895683
2068.jpg,0.6108615
2069.jpg,0.0820705
2070.jpg,0.40339178
2071.jpg,0.9995859
2072.jpg,0.39377576
2073.jpg,0.0025009806
2074.jpg,0.5293792
2075.jpg,0.004132086
2076.jpg,0.41327998
2077.jpg,0.0026719067
2078.jpg,0.57481253
2079.jpg,0.61070174
2080.jpg,0.28441954
2081.jpg,0.7782899
2082.jpg,0.00470791
2083.jpg,0.021822596
2084.jpg,0.39351144
2085.jpg,0.13534355
2086.jpg,0.35916466
2087.jpg,0.45194694
2088.jpg,0.37629998
2089.jpg,0.9987159
2090.jpg,0.59069854
2091.jpg,0.0027957868
2092.jpg,0.9996705
2093.jpg,0.27935413
2094.jpg,0.0030714998
2095.jpg,0.0059947325
2096.jpg,0.7312384
2097.jpg,0.38684162
2098.jpg,0.10740426
2099.jpg,0.78767085
2100.jpg,0.010712994
2101.jpg,0.7461592
2102.jpg,0.6708266
2103.jpg,0.8699199
2104.jpg,0.847952
2105.jpg,0.7723289
2106.jpg,0.7144788
2107.jpg,0.6737146
2108.jpg,0.99956125
2109.jpg,0.0037878735
2110.jpg,0.7526903
2111.jpg,0.0025805102
2112.jpg,0.42470804
2113.jpg,0.2317015
2114.jpg,0.002658445
2115.jpg,0.71289414
2116.jpg,0.9993874
2117.jpg,0.61678886
2118.jpg,0.58603734
2119.jpg,0.4117097
2120.jpg,0.7291175
2121.jpg,0.60643744
2122.jpg,0.7969987
2123.jpg,0.64451027
2124.jpg,0.6489805
2125.jpg,0.13522881
2126.jpg,0.6030278
2127.jpg,0.44801894
2128.jpg,0.4242698
2129.jpg,0.74040776
2130.jpg,0.9995906
2131.jpg,0.15998162
2132.jpg,0.692025
2133.jpg,0.00920192
2134.jpg,0.15418857
2135.jpg,0.7138164
2136.jpg,0.0065607117
2137.jpg,0.0026459917
2138.jpg,0.80153644
2139.jpg,0.481412
2140.jpg,0.80173564
2141.jpg,0.012251381
2142.jpg,0.2813704
2143.jpg,0.111735836
2144.jpg,0.49051097
2145.jpg,0.7214978
2146.jpg,0.99948704
2147.jpg,0.5938569
2148.jpg,0.66716444
2149.jpg,0.016985675
2150.jpg,0.66246116
2151.jpg,0.98946255
2152.jpg,0.0028147963
2153.jpg,0.35918736
2154.jpg,0.69022965
2155.jpg,0.42523563
2156.jpg,0.0026450194
2157.jpg,0.160727
2158.jpg,0.5540422
2159.jpg,0.0028944116
2160.jpg,0.0031196286
2161.jpg,0.9993123
2162.jpg,0.29353902
2163.jpg,0.6617495
2164.jpg,0.0025958994
2165.jpg,0.46031588
2166.jpg,0.6687406
2167.jpg,0.56760234
2168.jpg,0.75994605
2169.jpg,0.7172457
2170.jpg,0.004816301
2171.jpg,0.0027404348
2172.jpg,0.5721653
2173.jpg,0.45522624
2174.jpg,0.21055046
2175.jpg,0.99915516
2176.jpg,0.48578212
2177.jpg,0.14949863
2178.jpg,0.7886341
2179.jpg,0.5735309
2180.jpg,0.5088395
2181.jpg,0.66276056
2182.jpg,0.59810114
2183.jpg,0.63255584
2184.jpg,0.005477503
2185.jpg,0.026177082
2186.jpg,0.16802078
2187.jpg,0.9995739
2188.jpg,0.48889345
2189.jpg,0.39490113
2190.jpg,0.031533852
2191.jpg,0.45908546
2192.jpg,0.42854214
2193.jpg,0.3461769
2194.jpg,0.0026463657
2195.jpg,0.08135026
2196.jpg,0.4967825
2197.jpg,0.59025615
2198.jpg,0.99575055
2199.jpg,0.81332594
2200.jpg,0.026966032
2201.jpg,0.566119
2202.jpg,0.68456495
2203.jpg,0.54400104
2204.jpg,0.9996007
2205.jpg,0.002868274
2206.jpg,0.66563946
2207.jpg,0.14288583
2208.jpg,0.38244438
2209.jpg,0.48698878
2210.jpg,0.88923407
2211.jpg,0.99800676
2212.jpg,0.9995993
2213.jpg,0.0025677604
2214.jpg,0.6544784
2215.jpg,0.0027964888
2216.jpg,0.003996146
2217.jpg,0.20268993
2218.jpg,0.3809213
2219.jpg,0.7069679
2220.jpg,0.5856121
2221.jpg,0.99969876
2222.jpg,0.0063742558
2223.jpg,0.02862065
2224.jpg,0.92624587
2225.jpg,0.6587676
2226.jpg,0.002422317
2227.jpg,0.9995158
2228.jpg,0.4054112
2229.jpg,0.5920029
2230.jpg,0.2972507
2231.jpg,0.4408359
2232.jpg,0.794879
2233.jpg,0.8064401
2234.jpg,0.99621934
2235.jpg,0.24439597
2236.jpg,0.1792891
2237.jpg,0.6561833
2238.jpg,0.32582128
2239.jpg,0.692404
2240.jpg,0.7276306
2241.jpg,0.64637595
2242.jpg,0.99959654
2243.jpg,0.86789364
2244.jpg,0.67399853
2245.jpg,0.99952006
2246.jpg,0.6349359
2247.jpg,0.37782812
2248.jpg,0.58441216
2249.jpg,0.9994998
2250.jpg,0.38463685
2251.jpg,0.9994572
2252.jpg,0.9994351
2253.jpg,0.91018254
2254.jpg,0.003071913
2255.jpg,0.23664048
2256.jpg,0.9995247
2257.jpg,0.2454363
2258.jpg,0.99950314
2259.jpg,0.6378603
2260.jpg,0.005617284
2261.jpg,0.4404917
2262.jpg,0.9995876
2263.jpg,0.44050443
2264.jpg,0.25225985
2265.jpg,0.55946153
2266.jpg,0.6943671
2267.jpg,0.3390593
2268.jpg,0.6595972
2269.jpg,0.04248268
2270.jpg,0.5107025
2271.jpg,0.86073995
2272.jpg,0.076915525
2273.jpg,0.33284235
2274.jpg,0.6338703
2275.jpg,0.4732349
2276.jpg,0.6616998
2277.jpg,0.56334925
2278.jpg,0.11965628
2279.jpg,0.4362845
2280.jpg,0.62617666
2281.jpg,0.79280907
2282.jpg,0.002842596
2283.jpg,0.46830887
2284.jpg,0.59086865
2285.jpg,0.05709094
2286.jpg,0.9995746
2287.jpg,0.53595585
2288.jpg,0.5747049
2289.jpg,0.9781674
2290.jpg,0.99952364
2291.jpg,0.6729916
2292.jpg,0.004251493
2293.jpg,0.6620744
2294.jpg,0.9997036
2295.jpg,0.6191277
2296.jpg,0.525637
2297.jpg,0.5003321
2298.jpg,0.7291558
2299.jpg,0.7369775
2300.jpg,0.5305373
2301.jpg,0.3971032
2302.jpg,0.7894939
2303.jpg,0.74214166
2304.jpg,0.6742408
2305.jpg,0.12680972
2306.jpg,0.092323855
2307.jpg,0.99948645
2308.jpg,0.24026445
2309.jpg,0.6676225
2310.jpg,0.0121761225
2311.jpg,0.99959344
2312.jpg,0.16118473
2313.jpg,0.012890508
2314.jpg,0.070390694
2315.jpg,0.5444684
2316.jpg,0.6139169
2317.jpg,0.9996451
2318.jpg,0.66864824
2319.jpg,0.010191212
2320.jpg,0.0027520983
2321.jpg,0.0025103039
2322.jpg,0.65624267
2323.jpg,0.14991151
2324.jpg,0.97520643
2325.jpg,0.0041159214
2326.jpg,0.73523074
2327.jpg,0.1810806
2328.jpg,0.0067914915
2329.jpg,0.68824667
2330.jpg,0.17333771
2331.jpg,0.10028259
2332.jpg,0.5737108
2333.jpg,0.9950761
2334.jpg,0.9235219
2335.jpg,0.31123462
2336.jpg,0.7632782
2337.jpg,0.0030455987
2338.jpg,0.9997002
2339.jpg,0.43424815
2340.jpg,0.9997099
2341.jpg,0.81269205
2342.jpg,0.99337524
2343.jpg,0.0027922436
2344.jpg,0.5961525
2345.jpg,0.57268083
2346.jpg,0.4554581
2347.jpg,0.4110728
2348.jpg,0.007097124
2349.jpg,0.6992012
2350.jpg,0.6925251
2351.jpg,0.40168035
2352.jpg,0.005998686
2353.jpg,0.4298164
2354.jpg,0.0139057785
2355.jpg,0.76981497
2356.jpg,0.68285316
2357.jpg,0.4962857
2358.jpg,0.88332194
2359.jpg,0.9994795
2360.jpg,0.7797488
2361.jpg,0.9995245
2362.jpg,0.004235857
2363.jpg,0.09392744
2364.jpg,0.003799822
2365.jpg,0.9995338
2366.jpg,0.52477986
2367.jpg,0.59996074
2368.jpg,0.7226102
2369.jpg,0.15441221
2370.jpg,0.25243193
2371.jpg,0.044505946
2372.jpg,0.36156142
2373.jpg,0.73565143
2374.jpg,0.4262264
2375.jpg,0.6748441
2376.jpg,0.50581664
2377.jpg,0.7869686
2378.jpg,0.0028145164
2379.jpg,0.85299486
2380.jpg,0.43554848
2381.jpg,0.57666194
2382.jpg,0.5708816
2383.jpg,0.9973375
2384.jpg,0.0036690822
2385.jpg,0.44688448
2386.jpg,0.6929464
2387.jpg,0.002949198
2388.jpg,0.02592913
2389.jpg,0.52889585
2390.jpg,0.89487916
2391.jpg,0.67622286
2392.jpg,0.053625673
2393.jpg,0.08491534
2394.jpg,0.99960095
2395.jpg,0.9995952
2396.jpg,0.13912924
2397.jpg,0.80532175
2398.jpg,0.7556264
2399.jpg,0.9995974
2400.jpg,0.7113665
2401.jpg,0.64614564
2402.jpg,0.49284187
2403.jpg,0.0031849684
2404.jpg,0.99938345
2405.jpg,0.8852817
2406.jpg,0.643906
2407.jpg,0.017797746
2408.jpg,0.62548786
2409.jpg,0.15237176
2410.jpg,0.22557543
2411.jpg,0.01538749
2412.jpg,0.48716867
2413.jpg,0.5957608
2414.jpg,0.0027105773
2415.jpg,0.9996451
2416.jpg,0.5112153
2417.jpg,0.030078301
2418.jpg,0.9995758
2419.jpg,0.6386291
2420.jpg,0.63914317
2421.jpg,0.40891212
2422.jpg,0.16166191
2423.jpg,0.60576195
2424.jpg,0.74155086
2425.jpg,0.3921811
2426.jpg,0.4365315
2427.jpg,0.99952984
2428.jpg,0.19326517
2429.jpg,0.003410274
2430.jpg,0.08658987
2431.jpg,0.64562345
2432.jpg,0.0029946778
2433.jpg,0.99953425
2434.jpg,0.40710443
2435.jpg,0.9322188
2436.jpg,0.11184911
2437.jpg,0.99958676
2438.jpg,0.034520376
2439.jpg,0.6656682
2440.jpg,0.004149553
2441.jpg,0.45930386
2442.jpg,0.13571976
2443.jpg,0.14279826
2444.jpg,0.67952967
2445.jpg,0.99955887
2446.jpg,0.9996911
2447.jpg,0.97425497
2448.jpg,0.6823461
2449.jpg,0.6152939
2450.jpg,0.34672382
2451.jpg,0.6473108
2452.jpg,0.5317668
2453.jpg,0.6012669
2454.jpg,0.71982616
2455.jpg,0.67186874
2456.jpg,0.7666017
2457.jpg,0.047639735
2458.jpg,0.62102467
2459.jpg,0.60548097
2460.jpg,0.002617579
2461.jpg,0.3710006
2462.jpg,0.43936923
2463.jpg,0.58349997
2464.jpg,0.9996107
2465.jpg,0.0056714294
2466.jpg,0.6003246
2467.jpg,0.1559206
2468.jpg,0.0028959187
2469.jpg,0.31475607
2470.jpg,0.99965966
2471.jpg,0.72778606
2472.jpg,0.0027330755
2473.jpg,0.3544026
2474.jpg,0.4970909
2475.jpg,0.0043568164
2476.jpg,0.36085975
2477.jpg,0.6711282
2478.jpg,0.63092184
2479.jpg,0.6731666
2480.jpg,0.7402853
2481.jpg,0.55353266
2482.jpg,0.53094816
2483.jpg,0.5996149
2484.jpg,0.6813238
2485.jpg,0.7176953
2486.jpg,0.44454968
2487.jpg,0.023249174
2488.jpg,0.3745579
2489.jpg,0.0039255465
2490.jpg,0.037288386
2491.jpg,0.5349007
2492.jpg,0.0032342365
2493.jpg,0.39563084
2494.jpg,0.7914814
2495.jpg,0.6682353
2496.jpg,0.027645996
2497.jpg,0.5374102
2498.jpg,0.7616193
2499.jpg,0.5653804
2500.jpg,0.76855224
2501.jpg,0.67078626
2502.jpg,0.99951327
2503.jpg,0.0027104265
2504.jpg,0.0026193312
2505.jpg,0.64531714
2506.jpg,0.87520146
2507.jpg,0.9995371
2508.jpg,0.6000134
2509.jpg,0.5011758
2510.jpg,0.34843194
2511.jpg,0.34144616
2512.jpg,0.42760012
2513.jpg,0.02306795
2514.jpg,0.54828745
2515.jpg,0.26078755
2516.jpg,0.4526982
2517.jpg,0.48686907
2518.jpg,0.7658234
2519.jpg,0.9993405
2520.jpg,0.051907852
2521.jpg,0.6242832
2522.jpg,0.002944065
2523.jpg,0.71758753
2524.jpg,0.23897387
2525.jpg,0.6207915
2526.jpg,0.99285394
2527.jpg,0.5583696
2528.jpg,0.52318287
2529.jpg,0.8434055
2530.jpg,0.15797618
2531.jpg,0.002634841
2532.jpg,0.029893426
2533.jpg,0.38924026
2534.jpg,0.81838113
2535.jpg,0.6729681
2536.jpg,0.4557629
2537.jpg,0.99967957
2538.jpg,0.55904984
2539.jpg,0.678478
2540.jpg,0.0032632498
2541.jpg,0.17435066
2542.jpg,0.0027317163
2543.jpg,0.566265
2544.jpg,0.15196261
2545.jpg,0.3216953
2546.jpg,0.25568435
2547.jpg,0.0032490166
2548.jpg,0.6985913
2549.jpg,0.41101003
2550.jpg,0.37596232
2551.jpg,0.043936774
2552.jpg,0.6655048
2553.jpg,0.6176137
2554.jpg,0.9995733
2555.jpg,0.65470624
2556.jpg,0.5164266
2557.jpg,0.0031537274
2558.jpg,0.69045526
2559.jpg,0.9994616
2560.jpg,0.9993642
2561.jpg,0.19024318
2562.jpg,0.56478083
2563.jpg,0.13341114
2564.jpg,0.6486473
2565.jpg,0.41593513
2566.jpg,0.074971035
2567.jpg,0.9995907
2568.jpg,0.6567139
2569.jpg,0.999476
2570.jpg,0.0053737992
2571.jpg,0.84357333
2572.jpg,0.6990954
2573.jpg,0.71860904
2574.jpg,0.6565633
2575.jpg,0.9996063
2576.jpg,0.7730586
2577.jpg,0.67589813
2578.jpg,0.7410148
2579.jpg,0.46547118
2580.jpg,0.68953145
2581.jpg,0.9993868
2582.jpg,0.030182656
2583.jpg,0.31193995
2584.jpg,0.6871695
2585.jpg,0.6710307
2586.jpg,0.47657692
2587.jpg,0.022193735
2588.jpg,0.999556
2589.jpg,0.13375801
2590.jpg,0.0024049284
2591.jpg,0.6926175
2592.jpg,0.003656848
2593.jpg,0.18660574
2594.jpg,0.68138593
2595.jpg,0.62169695
2596.jpg,0.67025906
2597.jpg,0.15621416
2598.jpg,0.003165729
2599.jpg,0.43692598
2600.jpg,0.33426446
2601.jpg,0.27504948
2602.jpg,0.6211846
2603.jpg,0.46187216
2604.jpg,0.6698382
2605.jpg,0.37835073
2606.jpg,0.55594635
2607.jpg,0.66616803
2608.jpg,0.69314635
2609.jpg,0.0027239097
2610.jpg,0.68651605
2611.jpg,0.66032606
2612.jpg,0.065760635
2613.jpg,0.9995839
2614.jpg,0.99957603
2615.jpg,0.66963637
2616.jpg,0.53015107
2617.jpg,0.6143314
2618.jpg,0.6772488
2619.jpg,0.0027265914
2620.jpg,0.16033626
2621.jpg,0.97340506
2622.jpg,0.38925582
2623.jpg,0.0029480432
2624.jpg,0.99969804
2625.jpg,0.9995419
2626.jpg,0.15723155
2627.jpg,0.03616356
2628.jpg,0.6182603
2629.jpg,0.014828702
2630.jpg,0.6388165
2631.jpg,0.39769584
2632.jpg,0.47397625
2633.jpg,0.0028092181
2634.jpg,0.42191175
2635.jpg,0.00301465
2636.jpg,0.13020912
2637.jpg,0.8379433
2638.jpg,0.5892578
2639.jpg,0.7463234
2640.jpg,0.093477406
2641.jpg,0.0025815081
2642.jpg,0.7088818
2643.jpg,0.71335185
2644.jpg,0.9333153
2645.jpg,0.9993931
2646.jpg,0.3000719
2647.jpg,0.67042595
2648.jpg,0.0030026839
2649.jpg,0.9995877
2650.jpg,0.98826116
2651.jpg,0.5986432
2652.jpg,0.30456495
2653.jpg,0.66285974
2654.jpg,0.6789319
2655.jpg,0.7552284
2656.jpg,0.5665764
2657.jpg,0.9995925
2658.jpg,0.49342188
2659.jpg,0.65817887
2660.jpg,0.6477289
2661.jpg,0.31755656
2662.jpg,0.9733373
2663.jpg,0.002928373
2664.jpg,0.61851394
2665.jpg,0.0028117786
2666.jpg,0.6087016
2667.jpg,0.7686006
2668.jpg,0.29886085
2669.jpg,0.09981614
2670.jpg,0.81110317
2671.jpg,0.47191632
2672.jpg,0.54464895
2673.jpg,0.5159178
2674.jpg,0.002839843
2675.jpg,0.9996007
2676.jpg,0.6626716
2677.jpg,0.6225489
2678.jpg,0.003015219
2679.jpg,0.68999213
2680.jpg,0.5975989
2681.jpg,0.007849811
2682.jpg,0.5914968
2683.jpg,0.9994861
2684.jpg,0.28064516
2685.jpg,0.07262548
2686.jpg,0.6838681
2687.jpg,0.16871287
2688.jpg,0.6703115
2689.jpg,0.20904121
2690.jpg,0.8548305
2691.jpg,0.9422062
2692.jpg,0.0029465198
2693.jpg,0.0033939837
2694.jpg,0.51525205
2695.jpg,0.70679826
2696.jpg,0.9995826
2697.jpg,0.3944654
2698.jpg,0.5773907
2699.jpg,0.0027054597
2700.jpg,0.9995946
2701.jpg,0.5864973
2702.jpg,0.7161212
2703.jpg,0.0049681626
2704.jpg,0.0039291712
2705.jpg,0.68725204
2706.jpg,0.6546126
2707.jpg,0.55459994
2708.jpg,0.9983259
2709.jpg,0.52350724
2710.jpg,0.567358
2711.jpg,0.669098
2712.jpg,0.6052605
2713.jpg,0.030005805
2714.jpg,0.6709679
2715.jpg,0.6667802
2716.jpg,0.574254
2717.jpg,0.51944774
2718.jpg,0.6280286
2719.jpg,0.0036598656
2720.jpg,0.6678757
2721.jpg,0.53740823
2722.jpg,0.1931761
2723.jpg,0.020466294
2724.jpg,0.0974053
2725.jpg,0.7758972
2726.jpg,0.57863706
2727.jpg,0.7381075
2728.jpg,0.50788796
2729.jpg,0.99922764
2730.jpg,0.310748
2731.jpg,0.39787883
2732.jpg,0.023071384
2733.jpg,0.99936706
2734.jpg,0.65383637
2735.jpg,0.35243616
2736.jpg,0.7616321
2737.jpg,0.999653
2738.jpg,0.99791914
2739.jpg,0.057697047
2740.jpg,0.33638906
2741.jpg,0.0027882073
2742.jpg,0.0028873095
2743.jpg,0.9979358
2744.jpg,0.6515599
2745.jpg,0.6382947
2746.jpg,0.3447229
2747.jpg,0.8199018
2748.jpg,0.33151805
2749.jpg,0.64636624
2750.jpg,0.5037258
2751.jpg,0.10624714
2752.jpg,0.013115011
2753.jpg,0.9994455
2754.jpg,0.64371014
2755.jpg,0.9992481
2756.jpg,0.29256067
2757.jpg,0.57515556
2758.jpg,0.47340724
2759.jpg,0.4777756
2760.jpg,0.39031875
2761.jpg,0.6347712
2762.jpg,0.0027882021
2763.jpg,0.7571025
2764.jpg,0.5041446
2765.jpg,0.0082804775
2766.jpg,0.003388588
2767.jpg,0.0031782042
2768.jpg,0.079377964
2769.jpg,0.6246503
2770.jpg,0.124419466
2771.jpg,0.0027725142
2772.jpg,0.999514
2773.jpg,0.002670268
2774.jpg,0.0033240784
2775.jpg,0.4443424
2776.jpg,0.99962986
2777.jpg,0.62805164
2778.jpg,0.0025467277
2779.jpg,0.6017498
2780.jpg,0.6133722
2781.jpg,0.0026732439
2782.jpg,0.670407
2783.jpg,0.6439268
2784.jpg,0.38603526
2785.jpg,0.60191566
2786.jpg,0.40064484
2787.jpg,0.0026424332
2788.jpg,0.056496922
2789.jpg,0.6083377
2790.jpg,0.5925319
2791.jpg,0.99943894
2792.jpg,0.7177783
2793.jpg,0.701319
2794.jpg,0.0032281931
2795.jpg,0.07520708
2796.jpg,0.9361768
2797.jpg,0.4156777
2798.jpg,0.99925
2799.jpg,0.74859685
2800.jpg,0.625209
2801.jpg,0.6790489
2802.jpg,0.65716636
2803.jpg,0.898946
2804.jpg,0.43346134
2805.jpg,0.003122957
2806.jpg,0.0028097418
2807.jpg,0.5555893
2808.jpg,0.003515378
2809.jpg,0.0055135232
2810.jpg,0.46996167
2811.jpg,0.99959594
2812.jpg,0.08498506
2813.jpg,0.11526562
2814.jpg,0.9425247
2815.jpg,0.009224472
2816.jpg,0.0025356973
2817.jpg,0.5684873
2818.jpg,0.0033899639
2819.jpg,0.9995048
2820.jpg,0.99950707
2821.jpg,0.0040882174
2822.jpg,0.6741518
2823.jpg,0.51325744
2824.jpg,0.032545093
2825.jpg,0.64394087
2826.jpg,0.5429934
2827.jpg,0.0054249903
2828.jpg,0.009839278
2829.jpg,0.56277233
2830.jpg,0.67479914
2831.jpg,0.01319283
2832.jpg,0.7308025
2833.jpg,0.99952435
2834.jpg,0.63220656
2835.jpg,0.09453475
2836.jpg,0.6817814
2837.jpg,0.781499
2838.jpg,0.59898376
2839.jpg,0.3101759
2840.jpg,0.36814997
2841.jpg,0.002912242
2842.jpg,0.9994524
2843.jpg,0.49729508
2844.jpg,0.40559733
2845.jpg,0.6557985
2846.jpg,0.0031162614
2847.jpg,0.0031325405
2848.jpg,0.74306875
2849.jpg,0.63312846
2850.jpg,0.13818543
2851.jpg,0.59526867
2852.jpg,0.9996854
2853.jpg,0.2598099
2854.jpg,0.0027880326
2855.jpg,0.866338
2856.jpg,0.3347046
2857.jpg,0.81949914
2858.jpg,0.65285325
2859.jpg,0.30411303
2860.jpg,0.008909325
2861.jpg,0.002562061
2862.jpg,0.090467155
2863.jpg,0.6636469
2864.jpg,0.9995011
2865.jpg,0.42903748
2866.jpg,0.50211835
2867.jpg,0.0027046376
2868.jpg,0.56578106
2869.jpg,0.039290957
2870.jpg,0.67219037
2871.jpg,0.23471741
2872.jpg,0.67906725
2873.jpg,0.7091111
2874.jpg,0.65024924
2875.jpg,0.76802105
2876.jpg,0.50336057
2877.jpg,0.76112413
2878.jpg,0.534797
2879.jpg,0.99959713
2880.jpg,0.99484336
2881.jpg,0.09066056
2882.jpg,0.61296904
2883.jpg,0.96065724
2884.jpg,0.6827507
2885.jpg,0.9995623
2886.jpg,0.83803576
2887.jpg,0.99966097
2888.jpg,0.730091
2889.jpg,0.6658633
2890.jpg,0.678018
2891.jpg,0.7415871
2892.jpg,0.0028861454
2893.jpg,0.002670042
2894.jpg,0.9995414
2895.jpg,0.90398616
2896.jpg,0.7587099
2897.jpg,0.11823741
2898.jpg,0.9994747
2899.jpg,0.62587696
2900.jpg,0.117332906
2901.jpg,0.4625263
2902.jpg,0.6796702
2903.jpg,0.73259145
2904.jpg,0.5396696
2905.jpg,0.9995277
2906.jpg,0.1689579
2907.jpg,0.45001987
2908.jpg,0.015400615
2909.jpg,0.1771492
2910.jpg,0.5356505
2911.jpg,0.0026661137
2912.jpg,0.6782916
2913.jpg,0.9995092
2914.jpg,0.003752826
2915.jpg,0.4207032
2916.jpg,0.0027001824
2917.jpg,0.0047279852
2918.jpg,0.9940141
2919.jpg,0.6098809
2920.jpg,0.5507741
2921.jpg,0.9996861
2922.jpg,0.5359431
2923.jpg,0.9191774
2924.jpg,0.74589443
2925.jpg,0.50084615
2926.jpg,0.0027961072
2927.jpg,0.24673851
2928.jpg,0.60871583
2929.jpg,0.7034114
2930.jpg,0.009023234
2931.jpg,0.0033974904
2932.jpg,0.16807342
2933.jpg,0.9996444
2934.jpg,0.74136573
2935.jpg,0.0027092113
2936.jpg,0.9996728
2937.jpg,0.014086542
2938.jpg,0.5390267
2939.jpg,0.28095776
2940.jpg,0.13826078
2941.jpg,0.004012709
2942.jpg,0.56921935
2943.jpg,0.99953425
2944.jpg,0.67693615
2945.jpg,0.90060127
2946.jpg,0.12649122
2947.jpg,0.014253386
2948.jpg,0.71396863
2949.jpg,0.6437731
2950.jpg,0.086296596
2951.jpg,0.9031043
2952.jpg,0.6688185
2953.jpg,0.0068633845
2954.jpg,0.9993931
2955.jpg,0.40119788
2956.jpg,0.4696839
2957.jpg,0.6798153
2958.jpg,0.5376002
2959.jpg,0.51434046
2960.jpg,0.6071108
2961.jpg,0.1834666
2962.jpg,0.22589609
2963.jpg,0.66178215
2964.jpg,0.52700144
2965.jpg,0.36710617
2966.jpg,0.9995272
2967.jpg,0.5144072
2968.jpg,0.40345898
2969.jpg,0.9994137
2970.jpg,0.0029400396
2971.jpg,0.29127547
2972.jpg,0.68564314
2973.jpg,0.055419497
2974.jpg,0.6642977
2975.jpg,0.5695097
2976.jpg,0.022034792
2977.jpg,0.38445073
2978.jpg,0.1795905
2979.jpg,0.52671134
2980.jpg,0.6519797
2981.jpg,0.48400024
2982.jpg,0.3867502
2983.jpg,0.6727108
2984.jpg,0.99942744
2985.jpg,0.9995498
2986.jpg,0.9996904
2987.jpg,0.689373
2988.jpg,0.5684942
2989.jpg,0.0038592296
2990.jpg,0.99952686
2991.jpg,0.5581763
2992.jpg,0.9252639
2993.jpg,0.4762583
2994.jpg,0.99960476
2995.jpg,0.41987723
2996.jpg,0.1512452
2997.jpg,0.0026878973
2998.jpg,0.27268535
2999.jpg,0.999383
3000.jpg,0.9995522
3001.jpg,0.004288247
3002.jpg,0.6770699
3003.jpg,0.9994443
3004.jpg,0.08132268
3005.jpg,0.71446854
3006.jpg,0.9995127
3007.jpg,0.5385074
3008.jpg,0.9995695
3009.jpg,0.71303713
3010.jpg,0.42578208
3011.jpg,0.49610355
3012.jpg,0.9859212
3013.jpg,0.46671715
3014.jpg,0.6592839
3015.jpg,0.70357287
3016.jpg,0.13362351
3017.jpg,0.9995727
3018.jpg,0.007747098
3019.jpg,0.5280853
3020.jpg,0.98586744
3021.jpg,0.6696529
3022.jpg,0.9986413
3023.jpg,0.6669828
3024.jpg,0.014571215
3025.jpg,0.08175947
3026.jpg,0.0026817687
3027.jpg,0.42914018
3028.jpg,0.5941241
3029.jpg,0.002643724
3030.jpg,0.638162
3031.jpg,0.566796
3032.jpg,0.5654807
3033.jpg,0.016722327
3034.jpg,0.44369403
3035.jpg,0.6959367
3036.jpg,0.6988439
3037.jpg,0.002636216
3038.jpg,0.65633446
3039.jpg,0.9985392
3040.jpg,0.7560465
3041.jpg,0.042034492
3042.jpg,0.5078875
3043.jpg,0.5946216
3044.jpg,0.9989993
3045.jpg,0.99968696
3046.jpg,0.34950012
3047.jpg,0.7297936
3048.jpg,0.40248072
3049.jpg,0.0027923922
3050.jpg,0.25291276
3051.jpg,0.74586546
3052.jpg,0.8018234
3053.jpg,0.39398488
3054.jpg,0.48683766
3055.jpg,0.002659105
3056.jpg,0.1952014
3057.jpg,0.99959
3058.jpg,0.7658355
3059.jpg,0.09587422
3060.jpg,0.48987433
3061.jpg,0.5808304
3062.jpg,0.9996362
3063.jpg,0.2660506
3064.jpg,0.7930638
3065.jpg,0.7691635
3066.jpg,0.4522267
3067.jpg,0.54438543
3068.jpg,0.64641434
3069.jpg,0.6791057
3070.jpg,0.58121824
3071.jpg,0.4846919
3072.jpg,0.9693626
3073.jpg,0.5503699
3074.jpg,0.4949314
3075.jpg,0.14150558
3076.jpg,0.004756956
3077.jpg,0.6675854
3078.jpg,0.36790636
3079.jpg,0.9995449
3080.jpg,0.7620773
3081.jpg,0.9993831
3082.jpg,0.5656071
3083.jpg,0.46493554
3084.jpg,0.35080698
3085.jpg,0.76933724
3086.jpg,0.7454302
3087.jpg,0.67257506
3088.jpg,0.69155455
3089.jpg,0.62797546
3090.jpg,0.50702554
3091.jpg,0.8118939
3092.jpg,0.50178635
3093.jpg,0.0028397525
3094.jpg,0.008320318
3095.jpg,0.28310624
3096.jpg,0.0025827105
3097.jpg,0.6805615
3098.jpg,0.0037793736
3099.jpg,0.973814
3100.jpg,0.7131358
3101.jpg,0.65951264
3102.jpg,0.32319605
3103.jpg,0.99952054
3104.jpg,0.19876099
3105.jpg,0.9996247
3106.jpg,0.72444516
3107.jpg,0.7617469
3108.jpg,0.8054427
3109.jpg,0.15253954
3110.jpg,0.76405567
3111.jpg,0.4093082
3112.jpg,0.003789207
3113.jpg,0.6741815
3114.jpg,0.7917882
3115.jpg,0.66249037
3116.jpg,0.6549766
3117.jpg,0.91105884
3118.jpg,0.35738274
3119.jpg,0.99923444
3120.jpg,0.004411355
3121.jpg,0.58663356
3122.jpg,0.99944776
3123.jpg,0.4913602
3124.jpg,0.14228755
3125.jpg,0.64813054
3126.jpg,0.5454236
3127.jpg,0.79006773
3128.jpg,0.9994904
3129.jpg,0.45350033
3130.jpg,0.002511632
3131.jpg,0.0034698378
3132.jpg,0.07272682
3133.jpg,0.9995975
3134.jpg,0.65689504
3135.jpg,0.0030622475
3136.jpg,0.5466718
3137.jpg,0.26129144
3138.jpg,0.7325919
3139.jpg,0.34724525
3140.jpg,0.6170473
3141.jpg,0.6952496
3142.jpg,0.6753771
3143.jpg,0.63444054
3144.jpg,0.46332273
3145.jpg,0.0026931996
3146.jpg,0.99327433
3147.jpg,0.5491291
3148.jpg,0.7795704
3149.jpg,0.99959713
3150.jpg,0.6837791
3151.jpg,0.0042587584
3152.jpg,0.14550321
3153.jpg,0.56834507
3154.jpg,0.64216524
3155.jpg,0.7964352
3156.jpg,0.7039357
3157.jpg,0.29817742
3158.jpg,0.55708826
3159.jpg,0.39092487
3160.jpg,0.63965714
3161.jpg,0.99954224
3162.jpg,0.002672729
3163.jpg,0.7163016
3164.jpg,0.39317504
3165.jpg,0.5095315
3166.jpg,0.57168806
3167.jpg,0.71402544
3168.jpg,0.40039438
3169.jpg,0.0061520883
3170.jpg,0.5233684
3171.jpg,0.0027695717
3172.jpg,0.731024
3173.jpg,0.99947864
3174.jpg,0.12550277
3175.jpg,0.002676732
3176.jpg,0.9809254
3177.jpg,0.011522776
3178.jpg,0.99953043
3179.jpg,0.5987201
3180.jpg,0.72228086
3181.jpg,0.6531496
3182.jpg,0.0034171427
3183.jpg,0.6203547
3184.jpg,0.59279823
3185.jpg,0.97244805
3186.jpg,0.68717325
3187.jpg,0.7105906
3188.jpg,0.004369415
3189.jpg,0.78625554
3190.jpg,0.21437518
3191.jpg,0.0037377225
3192.jpg,0.0033481617
3193.jpg,0.15850222
3194.jpg,0.6645335
3195.jpg,0.9522477
3196.jpg,0.99955064
3197.jpg,0.9995995
3198.jpg,0.5171182
3199.jpg,0.67245024
3200.jpg,0.99954623
3201.jpg,0.6638477
3202.jpg,0.6695753
3203.jpg,0.6545261
3204.jpg,0.77428174
3205.jpg,0.0030468644
3206.jpg,0.6765593
3207.jpg,0.72260225
3208.jpg,0.5465498
3209.jpg,0.72232234
3210.jpg,0.9987066
3211.jpg,0.9993376
3212.jpg,0.6203996
3213.jpg,0.003305434
3214.jpg,0.004933154
3215.jpg,0.7051055
3216.jpg,0.67111003
3217.jpg,0.48363152
3218.jpg,0.09180836
3219.jpg,0.0028186243
3220.jpg,0.017874863
3221.jpg,0.72479796
3222.jpg,0.0024032097
3223.jpg,0.69248164
3224.jpg,0.021985205
3225.jpg,0.35056904
3226.jpg,0.004434822
3227.jpg,0.30995727
3228.jpg,0.99728036
3229.jpg,0.6373141
3230.jpg,0.6381992
3231.jpg,0.85689807
3232.jpg,0.017673116
3233.jpg,0.0036219626
3234.jpg,0.3779304
3235.jpg,0.99955374
3236.jpg,0.651897
3237.jpg,0.5694245
3238.jpg,0.6623814
3239.jpg,0.5056199
3240.jpg,0.008480282
3241.jpg,0.003173529
3242.jpg,0.45826718
3243.jpg,0.79358065
3244.jpg,0.58474237
3245.jpg,0.76333743
3246.jpg,0.0030603397
3247.jpg,0.72883165
3248.jpg,0.0029222423
3249.jpg,0.6697443
3250.jpg,0.60297453
3251.jpg,0.6393618
3252.jpg,0.4512152
3253.jpg,0.0066936812
3254.jpg,0.6682744
3255.jpg,0.0025336817
3256.jpg,0.60436517
3257.jpg,0.9965689
3258.jpg,0.67388797
3259.jpg,0.014051063
3260.jpg,0.42781857
3261.jpg,0.9995933
3262.jpg,0.6664208
3263.jpg,0.6730982
3264.jpg,0.72170234
3265.jpg,0.6826551
3266.jpg,0.66497606
3267.jpg,0.99902725
3268.jpg,0.75759035
3269.jpg,0.63627887
3270.jpg,0.71315247
3271.jpg,0.38854545
3272.jpg,0.28123194
3273.jpg,0.07744051
3274.jpg,0.0041436907
3275.jpg,0.003878214
3276.jpg,0.70730966
3277.jpg,0.6631402
3278.jpg,0.0033176404
3279.jpg,0.09355306
3280.jpg,0.32961985
3281.jpg,0.99957055
3282.jpg,0.68822277
3283.jpg,0.18920825
3284.jpg,0.0021349713
3285.jpg,0.364704
3286.jpg,0.65295553
3287.jpg,0.6199387
3288.jpg,0.5216639
3289.jpg,0.92936134
3290.jpg,0.7475175
3291.jpg,0.6690055
3292.jpg,0.6012815
3293.jpg,0.058428142
3294.jpg,0.01248416
3295.jpg,0.5582089
3296.jpg,0.667468
3297.jpg,0.6622924
3298.jpg,0.9996344
3299.jpg,0.9911965
3300.jpg,0.6700164
3301.jpg,0.9995285
3302.jpg,0.64091456
3303.jpg,0.61564183
3304.jpg,0.9996018
3305.jpg,0.58843935
3306.jpg,0.9995254
3307.jpg,0.6823065
3308.jpg,0.5521825
3309.jpg,0.7476198
3310.jpg,0.209209
3311.jpg,0.45442992
3312.jpg,0.69551265
3313.jpg,0.103360884
3314.jpg,0.65696156
3315.jpg,0.43507788
3316.jpg,0.9984958
3317.jpg,0.42410403
3318.jpg,0.8589393
3319.jpg,0.9442788
3320.jpg,0.037177105
3321.jpg,0.39250115
3322.jpg,0.22178204
3323.jpg,0.66742676
3324.jpg,0.6069389
3325.jpg,0.5451878
3326.jpg,0.43489763
3327.jpg,0.38472447
3328.jpg,0.84131104
3329.jpg,0.76921517
3330.jpg,0.66646594
3331.jpg,0.39057395
3332.jpg,0.44711724
3333.jpg,0.0027621132
3334.jpg,0.18504623
3335.jpg,0.64952815
3336.jpg,0.6487558
3337.jpg,0.0027706837
3338.jpg,0.06321434
3339.jpg,0.6763748
3340.jpg,0.022833927
3341.jpg,0.56044763
3342.jpg,0.9980646
3343.jpg,0.65851784
3344.jpg,0.36899725
3345.jpg,0.3964784
3346.jpg,0.7225849
3347.jpg,0.52785146
3348.jpg,0.111199625
3349.jpg,0.0051584607
3350.jpg,0.6639683
3351.jpg,0.11754619
3352.jpg,0.64624226
3353.jpg,0.99941933
3354.jpg,0.4189558
3355.jpg,0.66361576
3356.jpg,0.66398036
3357.jpg,0.69975567
3358.jpg,0.023732685
3359.jpg,0.88554215
3360.jpg,0.7389782
3361.jpg,0.672585
3362.jpg,0.44152445
3363.jpg,0.8203629
3364.jpg,0.66968757
3365.jpg,0.7497826
3366.jpg,0.7862015
3367.jpg,0.99959296
3368.jpg,0.5924954
3369.jpg,0.11753489
3370.jpg,0.62837917
3371.jpg,0.19057927
3372.jpg,0.007569704
3373.jpg,0.0038313186
3374.jpg,0.99925345
3375.jpg,0.22687744
3376.jpg,0.2005946
3377.jpg,0.0030727964
3378.jpg,0.07422419
3379.jpg,0.7011616
3380.jpg,0.5553642
3381.jpg,0.63625276
3382.jpg,0.67014337
3383.jpg,0.999479
3384.jpg,0.63510185
3385.jpg,0.107021414
3386.jpg,0.002968563
3387.jpg,0.01645258
3388.jpg,0.99967885
3389.jpg,0.0027970234
3390.jpg,0.3376905
3391.jpg,0.009947318
3392.jpg,0.6718719
3393.jpg,0.08045371
3394.jpg,0.0037358676
3395.jpg,0.99952495
3396.jpg,0.18089381
3397.jpg,0.9996082
3398.jpg,0.5669602
3399.jpg,0.6034306
3400.jpg,0.5984952
3401.jpg,0.38438892
3402.jpg,0.0075255744
3403.jpg,0.32948866
3404.jpg,0.5132836
3405.jpg,0.08991957
3406.jpg,0.8923138
3407.jpg,0.9995454
3408.jpg,0.10335423
3409.jpg,0.054577734
3410.jpg,0.65389097
3411.jpg,0.9996043
3412.jpg,0.9993087
3413.jpg,0.0027445103
3414.jpg,0.48041704
3415.jpg,0.019541536
3416.jpg,0.6039355
3417.jpg,0.56249243
3418.jpg,0.09560701
3419.jpg,0.9807211
3420.jpg,0.7846576
3421.jpg,0.008047982
3422.jpg,0.64538854
3423.jpg,0.42850375
3424.jpg,0.0024918409
3425.jpg,0.7482891
3426.jpg,0.5118396
3427.jpg,0.9995128
3428.jpg,0.09037327
3429.jpg,0.99960035
3430.jpg,0.6451499
3431.jpg,0.9692848
3432.jpg,0.9959416
3433.jpg,0.7484472
3434.jpg,0.5305336
3435.jpg,0.0037393617
3436.jpg,0.11542875
3437.jpg,0.002678205
3438.jpg,0.26637363
3439.jpg,0.47756627
3440.jpg,0.66234237
3441.jpg,0.23172623
3442.jpg,0.14397435
3443.jpg,0.6141995
3444.jpg,0.9991109
3445.jpg,0.99956626
3446.jpg,0.008861445
3447.jpg,0.05383224
3448.jpg,0.91719747
3449.jpg,0.037408188
3450.jpg,0.017162386
3451.jpg,0.66544235
3452.jpg,0.9394904
3453.jpg,0.9993285
3454.jpg,0.7386943
3455.jpg,0.5097466
3456.jpg,0.9995285
3457.jpg,0.999519
3458.jpg,0.53067255
3459.jpg,0.0032424913
3460.jpg,0.9995233
3461.jpg,0.6027861
3462.jpg,0.6657832
3463.jpg,0.91748464
3464.jpg,0.9926643
3465.jpg,0.6610399
3466.jpg,0.4342308
3467.jpg,0.07678004
3468.jpg,0.008944639
3469.jpg,0.9996093
3470.jpg,0.5176342
3471.jpg,0.7061777
3472.jpg,0.027669495
3473.jpg,0.04518977
3474.jpg,0.63780713
3475.jpg,0.78444797
3476.jpg,0.9993895
3477.jpg,0.6568489
3478.jpg,0.0029732126
3479.jpg,0.6247801
3480.jpg,0.0028719667
3481.jpg,0.99910176
3482.jpg,0.59043247
3483.jpg,0.22132984
3484.jpg,0.0028301817
3485.jpg,0.28516847
3486.jpg,0.50506526
3487.jpg,0.44552317
3488.jpg,0.11834527
3489.jpg,0.5673901
3490.jpg,0.41184375
3491.jpg,0.43336686
3492.jpg,0.006140888
3493.jpg,0.6857427
3494.jpg,0.7050932
3495.jpg,0.9769696
3496.jpg,0.5663612
3497.jpg,0.5214484
3498.jpg,0.57416993
3499.jpg,0.9990896
3500.jpg,0.14953451
3501.jpg,0.7368809
3502.jpg,0.5126331
3503.jpg,0.44549918
3504.jpg,0.66462886
3505.jpg,0.6653636
3506.jpg,0.09328854
3507.jpg,0.798237
3508.jpg,0.5820643
3509.jpg,0.22212322
3510.jpg,0.38144663
3511.jpg,0.65024996
3512.jpg,0.0026546498
3513.jpg,0.5609505
3514.jpg,0.63742864
3515.jpg,0.48312914
3516.jpg,0.46195304
3517.jpg,0.35196
3518.jpg,0.562973
3519.jpg,0.52107304
3520.jpg,0.7713797
3521.jpg,0.009014127
3522.jpg,0.520468
3523.jpg,0.75576
3524.jpg,0.0027455846
3525.jpg,0.0025455868
3526.jpg,0.67323023
3527.jpg,0.99952865
3528.jpg,0.2315412
3529.jpg,0.93193096
3530.jpg,0.31068537
3531.jpg,0.93844575
3532.jpg,0.57085764
3533.jpg,0.16367577
3534.jpg,0.52479637
3535.jpg,0.7761922
3536.jpg,0.759996
3537.jpg,0.0031956136
3538.jpg,0.002527999
3539.jpg,0.7084364
3540.jpg,0.6833772
3541.jpg,0.005962736
3542.jpg,0.9995271
3543.jpg,0.20990619
3544.jpg,0.0030087326
3545.jpg,0.5991749
3546.jpg,0.39513335
3547.jpg,0.9170973
3548.jpg,0.7449781
3549.jpg,0.99959975
3550.jpg,0.007859982
3551.jpg,0.48998266
3552.jpg,0.9489525
3553.jpg,0.03127026
3554.jpg,0.5485775
3555.jpg,0.3262601
3556.jpg,0.6597801
3557.jpg,0.5701987
3558.jpg,0.39092267
3559.jpg,0.8099954
3560.jpg,0.003247107
3561.jpg,0.6907331
3562.jpg,0.6971812
3563.jpg,0.8503764
3564.jpg,0.4956672
3565.jpg,0.23588005
3566.jpg,0.57353294
3567.jpg,0.79766524
3568.jpg,0.4288562
3569.jpg,0.100942284
3570.jpg,0.77450365
3571.jpg,0.66658974
3572.jpg,0.3507236
3573.jpg,0.005004718
3574.jpg,0.60197276
3575.jpg,0.39351454
3576.jpg,0.99958485
3577.jpg,0.99919325
3578.jpg,0.7562364
3579.jpg,0.0025911913
3580.jpg,0.6853386
3581.jpg,0.72028726
3582.jpg,0.029863158
3583.jpg,0.58671814
3584.jpg,0.36129394
3585.jpg,0.9995215
3586.jpg,0.99868697
3587.jpg,0.5740014
3588.jpg,0.015497019
3589.jpg,0.668202
3590.jpg,0.60130847
3591.jpg,0.89187604
3592.jpg,0.65503
3593.jpg,0.0028823128
3594.jpg,0.0547298
3595.jpg,0.6506975
3596.jpg,0.572434
3597.jpg,0.82690084
3598.jpg,0.62402827
3599.jpg,0.22038299
3600.jpg,0.9995172
3601.jpg,0.47385877
3602.jpg,0.08080679
3603.jpg,0.99965906
3604.jpg,0.6025746
3605.jpg,0.76824707
3606.jpg,0.9097738
3607.jpg,0.5524341
3608.jpg,0.40863547
3609.jpg,0.5509645
3610.jpg,0.1548874
3611.jpg,0.48573565
3612.jpg,0.0029357122
3613.jpg,0.29015025
3614.jpg,0.47657037
3615.jpg,0.5949714
3616.jpg,0.44225985
3617.jpg,0.06865765
3618.jpg,0.22067581
3619.jpg,0.22708653
3620.jpg,0.5064557
3621.jpg,0.987772
3622.jpg,0.99965537
3623.jpg,0.0028462003
3624.jpg,0.20166515
3625.jpg,0.046971213
3626.jpg,0.4174361
3627.jpg,0.018896004
3628.jpg,0.0026234852
3629.jpg,0.99959534
3630.jpg,0.9995659
3631.jpg,0.40172085
3632.jpg,0.7449052
3633.jpg,0.5923979
3634.jpg,0.3491747
3635.jpg,0.5887895
3636.jpg,0.11622993
3637.jpg,0.5389317
3638.jpg,0.005592399
3639.jpg,0.0025649641
3640.jpg,0.6199135
3641.jpg,0.7213593
3642.jpg,0.9995284
3643.jpg,0.5248746
3644.jpg,0.4489854
3645.jpg,0.99654883
3646.jpg,0.9995795
3647.jpg,0.66674936
3648.jpg,0.5898152
3649.jpg,0.7076584
3650.jpg,0.99489045
3651.jpg,0.048600435
3652.jpg,0.5094125
3653.jpg,0.34828243
3654.jpg,0.99952567
3655.jpg,0.5900987
3656.jpg,0.9995933
3657.jpg,0.16297294
3658.jpg,0.0030368317
3659.jpg,0.0051177796
3660.jpg,0.68557435
3661.jpg,0.0026994324
3662.jpg,0.53591514
3663.jpg,0.67353994
3664.jpg,0.23500189
3665.jpg,0.29333812
3666.jpg,0.65828276
3667.jpg,0.0025378524
3668.jpg,0.7754649
3669.jpg,0.9994246
3670.jpg,0.0031566056
3671.jpg,0.9994642
3672.jpg,0.33067745
3673.jpg,0.9995914
3674.jpg,0.6779646
3675.jpg,0.6995504
3676.jpg,0.6217481
3677.jpg,0.5790505
3678.jpg,0.99960107
3679.jpg,0.6261314
3680.jpg,0.7683725
3681.jpg,0.31242794
3682.jpg,0.0054634237
3683.jpg,0.04526837
3684.jpg,0.69891346
3685.jpg,0.63681436
3686.jpg,0.95515364
3687.jpg,0.06026215
3688.jpg,0.27993613
3689.jpg,0.67305785
3690.jpg,0.32200786
3691.jpg,0.6963869
3692.jpg,0.99950445
3693.jpg,0.67356634
3694.jpg,0.73022217
3695.jpg,0.4908653
3696.jpg,0.0024834021
3697.jpg,0.5757043
3698.jpg,0.6810944
3699.jpg,0.009539928
3700.jpg,0.003355237
3701.jpg,0.50683224
3702.jpg,0.027882278
3703.jpg,0.7791299
3704.jpg,0.091963746
3705.jpg,0.6010271
3706.jpg,0.019555867
3707.jpg,0.595116
3708.jpg,0.0028047746
3709.jpg,0.43101045
3710.jpg,0.5730395
3711.jpg,0.7152342
3712.jpg,0.06623261
3713.jpg,0.59083146
3714.jpg,0.50573957
3715.jpg,0.9987895
3716.jpg,0.033274025
3717.jpg,0.739314
3718.jpg,0.18223988
3719.jpg,0.5659829
3720.jpg,0.59300745
3721.jpg,0.42874295
3722.jpg,0.70459914
3723.jpg,0.6367552
3724.jpg,0.7687504
3725.jpg,0.0027319957
3726.jpg,0.016001126
3727.jpg,0.011634496
3728.jpg,0.8323445
3729.jpg,0.0026255609
3730.jpg,0.9159704
3731.jpg,0.056536302
3732.jpg,0.64033437
3733.jpg,0.9996195
3734.jpg,0.39412898
3735.jpg,0.9995927
3736.jpg,0.5242747
3737.jpg,0.76826185
3738.jpg,0.059411265
3739.jpg,0.5478999
3740.jpg,0.016801339
3741.jpg,0.84523463
3742.jpg,0.030704612
3743.jpg,0.5746881
3744.jpg,0.6623255
3745.jpg,0.720255
3746.jpg,0.05043609
3747.jpg,0.0029605927
3748.jpg,0.4382279
3749.jpg,0.00279829
3750.jpg,0.5379531
3751.jpg,0.20754501
3752.jpg,0.07582753
3753.jpg,0.34970078
3754.jpg,0.53972304
3755.jpg,0.9995758
3756.jpg,0.9995295
3757.jpg,0.51755226
3758.jpg,0.71721905
3759.jpg,0.45576587
3760.jpg,0.7505881
3761.jpg,0.17918031
3762.jpg,0.99929273
3763.jpg,0.6257759
3764.jpg,0.64823306
3765.jpg,0.99953556
3766.jpg,0.7918378
3767.jpg,0.9996253
3768.jpg,0.6489937
3769.jpg,0.808165
3770.jpg,0.63266253
3771.jpg,0.007811238
3772.jpg,0.6687803
3773.jpg,0.7319656
3774.jpg,0.99909127
3775.jpg,0.53497344
3776.jpg,0.65025616
3777.jpg,0.9996563
3778.jpg,0.082940616
3779.jpg,0.9996445
3780.jpg,0.52501404
3781.jpg,0.76594186
3782.jpg,0.9949405
3783.jpg,0.0026729996
3784.jpg,0.5470721
3785.jpg,0.6654726
3786.jpg,0.82116365
3787.jpg,0.67219985
3788.jpg,0.6916199
3789.jpg,0.047399435
3790.jpg,0.4660776
3791.jpg,0.38206336
3792.jpg,0.99952507
3793.jpg,0.6683245
3794.jpg,0.75478023
3795.jpg,0.46079937
3796.jpg,0.0970429
3797.jpg,0.9995254
3798.jpg,0.6920717
3799.jpg,0.9992132
3800.jpg,0.5408359
3801.jpg,0.75165564
3802.jpg,0.43399298
3803.jpg,0.16046059
3804.jpg,0.6254183
3805.jpg,0.70602727
3806.jpg,0.6739719
3807.jpg,0.4094813
3808.jpg,0.63190657
3809.jpg,0.002578107
3810.jpg,0.6168279
3811.jpg,0.7136293
3812.jpg,0.5376251
3813.jpg,0.014862707
3814.jpg,0.79246765
3815.jpg,0.12035466
3816.jpg,0.0023616978
3817.jpg,0.03458304
3818.jpg,0.7163905
3819.jpg,0.38464934
3820.jpg,0.67105037
3821.jpg,0.73874986
3822.jpg,0.33318716
3823.jpg,0.99965584
3824.jpg,0.0024133504
3825.jpg,0.019804103
3826.jpg,0.0050262003
3827.jpg,0.0028899603
3828.jpg,0.5336647
3829.jpg,0.5379284
3830.jpg,0.0031026732
3831.jpg,0.87819284
3832.jpg,0.015849913
3833.jpg,0.6844782
3834.jpg,0.83461475
3835.jpg,0.35803255
3836.jpg,0.4165996
3837.jpg,0.5739111
3838.jpg,0.7469043
3839.jpg,0.40413424
3840.jpg,0.9984907
3841.jpg,0.6297345
3842.jpg,0.6587932
3843.jpg,0.719573
3844.jpg,0.99969804
3845.jpg,0.7948219
3846.jpg,0.6578312
3847.jpg,0.0034409151
3848.jpg,0.7771431
3849.jpg,0.15834266
3850.jpg,0.6847728
3851.jpg,0.4304444
3852.jpg,0.67274874
3853.jpg,0.9995167
3854.jpg,0.0029767514
3855.jpg,0.0052167047
3856.jpg,0.5255478
3857.jpg,0.44146004
3858.jpg,0.66756594
3859.jpg,0.004399837
3860.jpg,0.99835026
3861.jpg,0.66492724
3862.jpg,0.53026986
3863.jpg,0.8024108
3864.jpg,0.9931524
3865.jpg,0.9995975
3866.jpg,0.002390581
3867.jpg,0.9941777
3868.jpg,0.003036852
3869.jpg,0.6690728
3870.jpg,0.6384432
3871.jpg,0.0031801427
3872.jpg,0.7248536
3873.jpg,0.0023232466
3874.jpg,0.0023047018
3875.jpg,0.5212306
3876.jpg,0.0029373905
3877.jpg,0.009179263
3878.jpg,0.004799695
3879.jpg,0.0027975887
3880.jpg,0.20314263
3881.jpg,0.0031111594
3882.jpg,0.3022013
3883.jpg,0.6036919
3884.jpg,0.0030118837
3885.jpg,0.9996538
3886.jpg,0.6933874
3887.jpg,0.45690832
3888.jpg,0.34288594
3889.jpg,0.95083094
3890.jpg,0.0267788
3891.jpg,0.64467514
3892.jpg,0.0031930825
3893.jpg,0.50342286
3894.jpg,0.7058622
3895.jpg,0.24995507
3896.jpg,0.68303066
3897.jpg,0.6066954
3898.jpg,0.64984566
3899.jpg,0.7941676
3900.jpg,0.70014185
3901.jpg,0.5421697
3902.jpg,0.0027248205
3903.jpg,0.5727927
3904.jpg,0.9996152
3905.jpg,0.6995548
3906.jpg,0.21685536
3907.jpg,0.6972567
3908.jpg,0.55446845
3909.jpg,0.6717952
3910.jpg,0.0025285413
3911.jpg,0.0030962084
3912.jpg,0.22339787
3913.jpg,0.5350614
3914.jpg,0.99958426
3915.jpg,0.3099415
3916.jpg,0.0029388992
3917.jpg,0.42187643
3918.jpg,0.71427494
3919.jpg,0.0076351
3920.jpg,0.9995223
3921.jpg,0.0027655687
3922.jpg,0.03773538
3923.jpg,0.6664141
3924.jpg,0.0065728184
3925.jpg,0.657574
3926.jpg,0.7000079
3927.jpg,0.040080838
3928.jpg,0.33984005
3929.jpg,0.6442221
3930.jpg,0.72000164
3931.jpg,0.0059613287
3932.jpg,0.22689182
3933.jpg,0.46096155
3934.jpg,0.68124366
3935.jpg,0.09130105
3936.jpg,0.5183008
3937.jpg,0.0028518902
3938.jpg,0.021688893
3939.jpg,0.5790642
3940.jpg,0.7691044
3941.jpg,0.4525126
3942.jpg,0.99935323
3943.jpg,0.65282124
3944.jpg,0.7074062
3945.jpg,0.66130966
3946.jpg,0.7533906
3947.jpg,0.5619035
3948.jpg,0.33644718
3949.jpg,0.0027773608
3950.jpg,0.9995048
3951.jpg,0.4355672
3952.jpg,0.5829241
3953.jpg,0.72172004
3954.jpg,0.7686123
3955.jpg,0.4197483
3956.jpg,0.7108428
3957.jpg,0.65942186
3958.jpg,0.99956924
3959.jpg,0.40172887
3960.jpg,0.2915324
3961.jpg,0.007944967
3962.jpg,0.9995915
3963.jpg,0.43556195
3964.jpg,0.4929832
3965.jpg,0.5291024
3966.jpg,0.10339983
3967.jpg,0.9995505
3968.jpg,0.006038191
3969.jpg,0.01228641
3970.jpg,0.6454512
3971.jpg,0.6468493
3972.jpg,0.0031644716
3973.jpg,0.3015987
3974.jpg,0.9995061
3975.jpg,0.57260674
3976.jpg,0.67568374
3977.jpg,0.622024
3978.jpg,0.8700402
3979.jpg,0.6834732
3980.jpg,0.0024865072
3981.jpg,0.0102173695
3982.jpg,0.5308788
3983.jpg,0.5942924
3984.jpg,0.5533578
3985.jpg,0.6378313
3986.jpg,0.7166597
3987.jpg,0.029755833
3988.jpg,0.3868928
3989.jpg,0.9995968
3990.jpg,0.7648624
3991.jpg,0.6595597
3992.jpg,0.9757975
3993.jpg,0.10225174
3994.jpg,0.09069625
3995.jpg,0.543045
3996.jpg,0.43734255
3997.jpg,0.6793363
3998.jpg,0.011622219
3999.jpg,0.66746414
4000.jpg,0.2018672
4001.jpg,0.0027204612
4002.jpg,0.7837827
4003.jpg,0.3863074
4004.jpg,0.6829324
4005.jpg,0.7834208
4006.jpg,0.99963784
4007.jpg,0.061525695
4008.jpg,0.009189035
4009.jpg,0.10977374
4010.jpg,0.7214948
4011.jpg,0.00284331
4012.jpg,0.83180916
4013.jpg,0.45574522
4014.jpg,0.012418568
4015.jpg,0.025223648
4016.jpg,0.004108087
4017.jpg,0.9996233
4018.jpg,0.4657535
4019.jpg,0.043864872
4020.jpg,0.63510865
4021.jpg,0.42580685
4022.jpg,0.72339827
4023.jpg,0.40218216
4024.jpg,0.016534053
4025.jpg,0.99965847
4026.jpg,0.4629259
4027.jpg,0.70344716
4028.jpg,0.54556537
4029.jpg,0.002591693
4030.jpg,0.1029209
4031.jpg,0.8555968
4032.jpg,0.6614018
4033.jpg,0.54761237
4034.jpg,0.063292176
4035.jpg,0.7719993
4036.jpg,0.65899223
4037.jpg,0.005651464
4038.jpg,0.99949586
4039.jpg,0.5135697
4040.jpg,0.5351809
4041.jpg,0.6265555
4042.jpg,0.91289914
4043.jpg,0.4627449
4044.jpg,0.40391248
4045.jpg,0.48420653
4046.jpg,0.9995869
4047.jpg,0.99959165
4048.jpg,0.9996001
4049.jpg,0.00232222
4050.jpg,0.99954176
4051.jpg,0.29246202
4052.jpg,0.28361893
4053.jpg,0.0026792611
4054.jpg,0.9995943
4055.jpg,0.59812754
4056.jpg,0.58918047
4057.jpg,0.6211729
4058.jpg,0.0024692547
4059.jpg,0.0030197147
4060.jpg,0.5520054
4061.jpg,0.015188948
4062.jpg,0.6593846
4063.jpg,0.67603093
4064.jpg,0.57652944
4065.jpg,0.43600324
4066.jpg,0.40396956
4067.jpg,0.99957496
4068.jpg,0.3712458
4069.jpg,0.6412059
4070.jpg,0.84465736
4071.jpg,0.99955875
4072.jpg,0.004858095
4073.jpg,0.014777305
4074.jpg,0.99619114
4075.jpg,0.6954736
4076.jpg,0.615217
4077.jpg,0.71592647
4078.jpg,0.506407
4079.jpg,0.024887528
4080.jpg,0.8772904
4081.jpg,0.67187035
4082.jpg,0.2028188
4083.jpg,0.70828426
4084.jpg,0.42550582
4085.jpg,0.002887565
4086.jpg,0.67653376
4087.jpg,0.2959216
4088.jpg,0.9995839
4089.jpg,0.10954507
4090.jpg,0.6566859
4091.jpg,0.133433
4092.jpg,0.6827615
4093.jpg,0.0044639935
4094.jpg,0.69842464
4095.jpg,0.0045617614
4096.jpg,0.5408466
4097.jpg,0.41431925
4098.jpg,0.13981487
4099.jpg,0.99949956
4100.jpg,0.5365481
4101.jpg,0.9565962
4102.jpg,0.003804518
4103.jpg,0.6440969
4104.jpg,0.6635617
4105.jpg,0.077480905
4106.jpg,0.75021726
4107.jpg,0.7074551
4108.jpg,0.73498636
4109.jpg,0.38878563
4110.jpg,0.0030985242
4111.jpg,0.67383707
4112.jpg,0.3615621
4113.jpg,0.07178577
4114.jpg,0.33774862
4115.jpg,0.013719493
4116.jpg,0.0049051847
4117.jpg,0.66621256
4118.jpg,0.27700663
4119.jpg,0.683845
4120.jpg,0.9995383
4121.jpg,0.602567
4122.jpg,0.07541122
4123.jpg,0.99959797
4124.jpg,0.0030054802
4125.jpg,0.785309
4126.jpg,0.65204144
4127.jpg,0.30916825
4128.jpg,0.99969804
4129.jpg,0.4868753
4130.jpg,0.11758186
4131.jpg,0.49785596
4132.jpg,0.9995189
4133.jpg,0.0030900121
4134.jpg,0.7434816
4135.jpg,0.9996718
4136.jpg,0.5198345
4137.jpg,0.011786143
4138.jpg,0.43134278
4139.jpg,0.999073
4140.jpg,0.6310827
4141.jpg,0.1862503
4142.jpg,0.67988575
4143.jpg,0.39962575
4144.jpg,0.49175906
4145.jpg,0.9994012
4146.jpg,0.7715916
4147.jpg,0.038727906
4148.jpg,0.7063929
4149.jpg,0.6591931
4150.jpg,0.54415965
4151.jpg,0.6123275
4152.jpg,0.14983548
4153.jpg,0.1787834
4154.jpg,0.6906678
4155.jpg,0.9995952
4156.jpg,0.38314202
4157.jpg,0.7307042
4158.jpg,0.67231095
4159.jpg,0.69947696
4160.jpg,0.0025686559
4161.jpg,0.4093252
4162.jpg,0.7863631
4163.jpg,0.002817256
4164.jpg,0.005056574
4165.jpg,0.002922816
4166.jpg,0.5346317
4167.jpg,0.66611534
4168.jpg,0.025048457
4169.jpg,0.99966705
4170.jpg,0.5480747
4171.jpg,0.9995912
4172.jpg,0.9822597
4173.jpg,0.087957054
4174.jpg,0.69339925
4175.jpg,0.75927174
4176.jpg,0.659025
4177.jpg,0.7885666
4178.jpg,0.62620044
4179.jpg,0.0026732807
4180.jpg,0.626092
4181.jpg,0.3155679
4182.jpg,0.66580164
4183.jpg,0.0034808447
4184.jpg,0.79233694
4185.jpg,0.30179068
4186.jpg,0.022399517
4187.jpg,0.35813496
4188.jpg,0.0026239043
4189.jpg,0.73561126
4190.jpg,0.018488828
4191.jpg,0.67585886
4192.jpg,0.5250502
4193.jpg,0.008279021
4194.jpg,0.0029601608
4195.jpg,0.039974738
4196.jpg,0.95365006
4197.jpg,0.56911767
4198.jpg,0.5802667
4199.jpg,0.9995383
4200.jpg,0.38067648
4201.jpg,0.00614391
4202.jpg,0.9995396
4203.jpg,0.44005683
4204.jpg,0.23692365
4205.jpg,0.6756276
4206.jpg,0.6084925
4207.jpg,0.5178113
4208.jpg,0.66395396
4209.jpg,0.572584
4210.jpg,0.6561987
4211.jpg,0.00261995
4212.jpg,0.30814502
4213.jpg,0.9484323
4214.jpg,0.06394049
4215.jpg,0.99933165
4216.jpg,0.021455744
4217.jpg,0.6662458
4218.jpg,0.7364577
4219.jpg,0.60537815
4220.jpg,0.6728961
4221.jpg,0.6674289
4222.jpg,0.6480438
4223.jpg,0.5418431
4224.jpg,0.33141354
4225.jpg,0.7900582
4226.jpg,0.46307346
4227.jpg,0.88395727
4228.jpg,0.61766016
4229.jpg,0.6724139
4230.jpg,0.11899113
4231.jpg,0.4380472
4232.jpg,0.6219498
4233.jpg,0.0033769864
4234.jpg,0.57530475
4235.jpg,0.6000683
4236.jpg,0.0032121134
4237.jpg,0.99969923
4238.jpg,0.74306786
4239.jpg,0.7001576
4240.jpg,0.5321863
4241.jpg,0.0038293754
4242.jpg,0.029774942
4243.jpg,0.6729634
4244.jpg,0.6257555
4245.jpg,0.028280132
4246.jpg,0.44121945
4247.jpg,0.9995895
4248.jpg,0.03659865
4249.jpg,0.6569803
4250.jpg,0.044503562
4251.jpg,0.009234897
4252.jpg,0.99951935
4253.jpg,0.99958175
4254.jpg,0.5575215
4255.jpg,0.581352
4256.jpg,0.021933528
4257.jpg,0.002435327
4258.jpg,0.64270884
4259.jpg,0.675725
4260.jpg,0.7344007
4261.jpg,0.0029109118
4262.jpg,0.7186847
4263.jpg,0.67301136
4264.jpg,0.39088285
4265.jpg,0.925674
4266.jpg,0.008040205
4267.jpg,0.7078391
4268.jpg,0.9995122
4269.jpg,0.012031223
4270.jpg,0.09653577
4271.jpg,0.002484125
4272.jpg,0.013380008
4273.jpg,0.002890885
4274.jpg,0.734716
4275.jpg,0.004292504
4276.jpg,0.61807245
4277.jpg,0.996005
4278.jpg,0.5726116
4279.jpg,0.6720128
4280.jpg,0.64441985
4281.jpg,0.0036236048
4282.jpg,0.0027322606
4283.jpg,0.01577917
4284.jpg,0.8942246
4285.jpg,0.99955994
4286.jpg,0.6574467
4287.jpg,0.6983357
4288.jpg,0.1998724
4289.jpg,0.78177124
4290.jpg,0.62874985
4291.jpg,0.006824281
4292.jpg,0.9995962
4293.jpg,0.46212992
4294.jpg,0.9936243
4295.jpg,0.71054214
4296.jpg,0.82280654
4297.jpg,0.66782594
4298.jpg,0.06296959
4299.jpg,0.67522323
4300.jpg,0.5481984
4301.jpg,0.46840835
4302.jpg,0.38798457
4303.jpg,0.038240727
4304.jpg,0.67663026
4305.jpg,0.6371212
4306.jpg,0.18557082
4307.jpg,0.014318021
4308.jpg,0.552348
4309.jpg,0.7037725
4310.jpg,0.6303618
4311.jpg,0.66828007
4312.jpg,0.6083765
4313.jpg,0.0029915273
4314.jpg,0.0051243925
4315.jpg,0.72068334
4316.jpg,0.69340605
4317.jpg,0.6490229
4318.jpg,0.7123864
4319.jpg,0.059583694
4320.jpg,0.36172816
4321.jpg,0.40272123
4322.jpg,0.90308595
4323.jpg,0.06755256
4324.jpg,0.50221676
4325.jpg,0.10763744
4326.jpg,0.0043766876
4327.jpg,0.8176414
4328.jpg,0.7044358
4329.jpg,0.16995136
4330.jpg,0.6337422
4331.jpg,0.2378333
4332.jpg,0.7391227
4333.jpg,0.032174338
4334.jpg,0.7546164
4335.jpg,0.4524546
4336.jpg,0.67765856
4337.jpg,0.003946758
4338.jpg,0.005675376
4339.jpg,0.3296734
4340.jpg,0.9995172
4341.jpg,0.013083259
4342.jpg,0.6948585
4343.jpg,0.65211326
4344.jpg,0.99871194
4345.jpg,0.5807515
4346.jpg,0.5816659
4347.jpg,0.59251887
4348.jpg,0.0027806156
4349.jpg,0.9997017
4350.jpg,0.003124259
4351.jpg,0.00285453
4352.jpg,0.6679277
4353.jpg,0.008381579
4354.jpg,0.5631836
4355.jpg,0.7514985
4356.jpg,0.9989858
4357.jpg,0.41444987
4358.jpg,0.57431424
4359.jpg,0.70208144
4360.jpg,0.4912727
4361.jpg,0.56368613
4362.jpg,0.6923348
4363.jpg,0.602911
4364.jpg,0.032343723
4365.jpg,0.60618275
4366.jpg,0.31905264
4367.jpg,0.09521628
4368.jpg,0.6694335
4369.jpg,0.0031118132
4370.jpg,0.4628116
4371.jpg,0.80710864
4372.jpg,0.46356833
4373.jpg,0.8781428
4374.jpg,0.0026272235
4375.jpg,0.9979843
4376.jpg,0.70077366
4377.jpg,0.003829601
4378.jpg,0.008806346
4379.jpg,0.45705265
4380.jpg,0.5964916
4381.jpg,0.6436237
4382.jpg,0.75272226
4383.jpg,0.7681537
4384.jpg,0.00238005
4385.jpg,0.0025302097
4386.jpg,0.27930933
4387.jpg,0.4842775
4388.jpg,0.23924257
4389.jpg,0.5437277
4390.jpg,0.008149373
4391.jpg,0.0028836231
4392.jpg,0.7752823
4393.jpg,0.7908643
4394.jpg,0.99794585
4395.jpg,0.7329334
4396.jpg,0.0027138535
4397.jpg,0.7359054
4398.jpg,0.38104326
4399.jpg,0.15314265
4400.jpg,0.44676605
4401.jpg,0.016841976
4402.jpg,0.7896388
4403.jpg,0.70038635
4404.jpg,0.20083769
4405.jpg,0.002628082
4406.jpg,0.8419563
4407.jpg,0.9993387
4408.jpg,0.6750252
4409.jpg,0.0027374912
4410.jpg,0.6690812
4411.jpg,0.8428386
4412.jpg,0.5738333
4413.jpg,0.019996937
4414.jpg,0.60510004
4415.jpg,0.9995278
4416.jpg,0.6640331
4417.jpg,0.30788606
4418.jpg,0.06440252
4419.jpg,0.5941698
4420.jpg,0.7438664
4421.jpg,0.6514247
4422.jpg,0.8423864
4423.jpg,0.7969323
4424.jpg,0.8475045
4425.jpg,0.5578871
4426.jpg,0.23242825
4427.jpg,0.5071256
4428.jpg,0.6629605
4429.jpg,0.017316591
4430.jpg,0.99951315
4431.jpg,0.06401563
4432.jpg,0.9995926
4433.jpg,0.0036187547
4434.jpg,0.70136833
4435.jpg,0.5447405
4436.jpg,0.5242582
4437.jpg,0.9995309
4438.jpg,0.27794206
4439.jpg,0.7326336
4440.jpg,0.6076263
4441.jpg,0.6022503
4442.jpg,0.733687
4443.jpg,0.9995906
4444.jpg,0.95333517
4445.jpg,0.6543986
4446.jpg,0.9994949
4447.jpg,0.9994191
4448.jpg,0.0094198035
4449.jpg,0.05313593
4450.jpg,0.004041337
4451.jpg,0.76932096
4452.jpg,0.4033363
4453.jpg,0.999699
4454.jpg,0.6369194
4455.jpg,0.7264931
4456.jpg,0.99960035
4457.jpg,0.3923022
4458.jpg,0.002875958
4459.jpg,0.0031467779
4460.jpg,0.6670372
4461.jpg,0.0028605885
4462.jpg,0.6738171
4463.jpg,0.3700136
4464.jpg,0.3861597
4465.jpg,0.38300318
4466.jpg,0.99958116
4467.jpg,0.67966795
4468.jpg,0.50526124
4469.jpg,0.8993008
4470.jpg,0.007283811
4471.jpg,0.6739253
4472.jpg,0.020248177
4473.jpg,0.81136143
4474.jpg,0.9996624
4475.jpg,0.7662996
4476.jpg,0.40169832
4477.jpg,0.0035553137
4478.jpg,0.29870608
4479.jpg,0.67046297
4480.jpg,0.007428422
4481.jpg,0.67142284
4482.jpg,0.13315646
4483.jpg,0.0029944358
4484.jpg,0.9995776
4485.jpg,0.16470893
4486.jpg,0.3156656
4487.jpg,0.002718479
4488.jpg,0.4121592
4489.jpg,0.27554435
4490.jpg,0.010078824
4491.jpg,0.65667
4492.jpg,0.7222699
4493.jpg,0.67569447
4494.jpg,0.99033
4495.jpg,0.22041544
4496.jpg,0.5266144
4497.jpg,0.58137774
4498.jpg,0.58976984
4499.jpg,0.015352088
4500.jpg,0.002316715
4501.jpg,0.407151
4502.jpg,0.5063271
4503.jpg,0.6170323
4504.jpg,0.668775
4505.jpg,0.5511293
4506.jpg,0.5401872
4507.jpg,0.7786585
4508.jpg,0.65581816
4509.jpg,0.14934419
4510.jpg,0.45839238
4511.jpg,0.38306198
4512.jpg,0.55574316
4513.jpg,0.62231416
4514.jpg,0.46047923
4515.jpg,0.005782738
4516.jpg,0.6462502
4517.jpg,0.6663735
4518.jpg,0.69888306
4519.jpg,0.6485496
4520.jpg,0.9709321
4521.jpg,0.37339193
4522.jpg,0.49370432
4523.jpg,0.6185003
4524.jpg,0.5244979
4525.jpg,0.9996118
4526.jpg,0.7137403
4527.jpg,0.3732414
4528.jpg,0.99086493
4529.jpg,0.706029
4530.jpg,0.7216668
4531.jpg,0.64567
4532.jpg,0.37996805
4533.jpg,0.044999138
4534.jpg,0.7066962
4535.jpg,0.13834679
4536.jpg,0.8138518
4537.jpg,0.5946083
4538.jpg,0.75801116
4539.jpg,0.22164038
4540.jpg,0.5578849
4541.jpg,0.6268765
4542.jpg,0.0037101214
4543.jpg,0.09039804
4544.jpg,0.002498859
4545.jpg,0.5204298
4546.jpg,0.005157964
4547.jpg,0.012460187
4548.jpg,0.7006014
4549.jpg,0.66917086
4550.jpg,0.02794522
4551.jpg,0.99959046
4552.jpg,0.86759394
4553.jpg,0.003168698
4554.jpg,0.002842961
4555.jpg,0.5502461
4556.jpg,0.37830228
4557.jpg,0.32370856
4558.jpg,0.6090906
4559.jpg,0.0028473076
4560.jpg,0.79527617
4561.jpg,0.76001537
4562.jpg,0.8886313
4563.jpg,0.7089076
4564.jpg,0.7955836
4565.jpg,0.13492267
4566.jpg,0.999519
4567.jpg,0.4444352
4568.jpg,0.68593615
4569.jpg,0.44984058
4570.jpg,0.6825291
4571.jpg,0.63466144
4572.jpg,0.82692885
4573.jpg,0.5603648
4574.jpg,0.7597499
4575.jpg,0.09813645
4576.jpg,0.003300003
4577.jpg,0.41520125
4578.jpg,0.9955869
4579.jpg,0.44959864
4580.jpg,0.6270458
4581.jpg,0.65697587
4582.jpg,0.29894063
4583.jpg,0.48510122
4584.jpg,0.005421166
4585.jpg,0.7137352
4586.jpg,0.0026678538
4587.jpg,0.69078225
4588.jpg,0.5436294
4589.jpg,0.707274
4590.jpg,0.48230237
4591.jpg,0.39702854
4592.jpg,0.660411
4593.jpg,0.26993415
4594.jpg,0.5088972
4595.jpg,0.6346466
4596.jpg,0.8022043
4597.jpg,0.91958463
4598.jpg,0.088170305
4599.jpg,0.092233375
4600.jpg,0.010168285
4601.jpg,0.12868385
4602.jpg,0.011429443
4603.jpg,0.006896467
4604.jpg,0.019654453
4605.jpg,0.62710047
4606.jpg,0.0027682658
4607.jpg,0.7297254
4608.jpg,0.7843538
4609.jpg,0.5229652
4610.jpg,0.0026689959
4611.jpg,0.03536627
4612.jpg,0.4060458
4613.jpg,0.0045063323
4614.jpg,0.5226912
4615.jpg,0.27470434
4616.jpg,0.0053652376
4617.jpg,0.6715754
4618.jpg,0.7690228
4619.jpg,0.99927133
4620.jpg,0.0068976977
4621.jpg,0.9995939
4622.jpg,0.028839532
4623.jpg,0.0029731917
4624.jpg,0.888041
4625.jpg,0.004889065
4626.jpg,0.40438774
4627.jpg,0.19607498
4628.jpg,0.002883822
4629.jpg,0.8242388
4630.jpg,0.653718
4631.jpg,0.7266065
4632.jpg,0.4035754
4633.jpg,0.002739175
4634.jpg,0.5757751
4635.jpg,0.925746
4636.jpg,0.165457
4637.jpg,0.5232136
4638.jpg,0.99970835
4639.jpg,0.6836444
4640.jpg,0.35142034
4641.jpg,0.73974705
4642.jpg,0.99959296
4643.jpg,0.7213062
4644.jpg,0.6778222
4645.jpg,0.71234226
4646.jpg,0.016427508
4647.jpg,0.24071796
4648.jpg,0.9995388
4649.jpg,0.0029478003
4650.jpg,0.99958557
4651.jpg,0.5827964
4652.jpg,0.13970484
4653.jpg,0.48704308
4654.jpg,0.42542905
4655.jpg,0.66879785
4656.jpg,0.9964228
4657.jpg,0.4291161
4658.jpg,0.2920889
4659.jpg,0.1758564
4660.jpg,0.7713587
4661.jpg,0.76904565
4662.jpg,0.23719023
4663.jpg,0.09517616
4664.jpg,0.70311326
4665.jpg,0.4621686
4666.jpg,0.6932642
4667.jpg,0.6742518
4668.jpg,0.9996338
4669.jpg,0.99280775
4670.jpg,0.20263536
4671.jpg,0.5898381
4672.jpg,0.9994856
4673.jpg,0.0026190744
4674.jpg,0.64752567
4675.jpg,0.40281314
4676.jpg,0.21575038
4677.jpg,0.85029817
4678.jpg,0.70042837
4679.jpg,0.9803139
4680.jpg,0.99968195
4681.jpg,0.6745797
4682.jpg,0.43721947
4683.jpg,0.007622126
4684.jpg,0.68652874
4685.jpg,0.71633565
4686.jpg,0.019591108
4687.jpg,0.0026157757
4688.jpg,0.4118086
4689.jpg,0.9990024
4690.jpg,0.37325728
4691.jpg,0.99954695
4692.jpg,0.734464
4693.jpg,0.0033619457
4694.jpg,0.9995403
4695.jpg,0.999691
4696.jpg,0.50485826
4697.jpg,0.003813733
4698.jpg,0.6606645
4699.jpg,0.677675
4700.jpg,0.5654861
4701.jpg,0.99958295
4702.jpg,0.692335
4703.jpg,0.07900509
4704.jpg,0.6346596
4705.jpg,0.5941334
4706.jpg,0.22919874
4707.jpg,0.6674206
4708.jpg,0.668402
4709.jpg,0.0027917405
4710.jpg,0.4986446
4711.jpg,0.59697366
4712.jpg,0.12563857
4713.jpg,0.7360615
4714.jpg,0.00610963
4715.jpg,0.5162333
4716.jpg,0.99309933
4717.jpg,0.7084771
4718.jpg,0.19411512
4719.jpg,0.11895144
4720.jpg,0.5658096
4721.jpg,0.6546712
4722.jpg,0.017695589
4723.jpg,0.60774136
4724.jpg,0.7582567
4725.jpg,0.39012536
4726.jpg,0.49284557
4727.jpg,0.9994172
4728.jpg,0.64843655
4729.jpg,0.07692687
4730.jpg,0.66639245
4731.jpg,0.58871377
4732.jpg,0.010074039
4733.jpg,0.6810695
4734.jpg,0.65043116
4735.jpg,0.62865925
4736.jpg,0.6951061
4737.jpg,0.62843776
4738.jpg,0.6708018
4739.jpg,0.028078841
4740.jpg,0.70715815
4741.jpg,0.018535687
4742.jpg,0.65578455
4743.jpg,0.23080195
4744.jpg,0.58042216
4745.jpg,0.7459998
4746.jpg,0.6734084
4747.jpg,0.7579219
4748.jpg,0.23123938
4749.jpg,0.0025175128
4750.jpg,0.54125065
4751.jpg,0.5878854
4752.jpg,0.4387554
4753.jpg,0.107843585
4754.jpg,0.0076051285
4755.jpg,0.06501838
4756.jpg,0.6323356
4757.jpg,0.46454322
4758.jpg,0.999602
4759.jpg,0.0029896135
4760.jpg,0.6810996
4761.jpg,0.02240188
4762.jpg,0.11258654
4763.jpg,0.65507567
4764.jpg,0.43489477
4765.jpg,0.13368094
4766.jpg,0.0035844012
4767.jpg,0.0033947113
4768.jpg,0.73258513
4769.jpg,0.018133357
4770.jpg,0.6060156
4771.jpg,0.56584334
4772.jpg,0.40120858
4773.jpg,0.66921765
4774.jpg,0.0035187404
4775.jpg,0.014991057
4776.jpg,0.9997093
4777.jpg,0.0026424646
4778.jpg,0.8621364
4779.jpg,0.9994796
4780.jpg,0.6118945
4781.jpg,0.0028723655
4782.jpg,0.00248456
4783.jpg,0.0028052721
4784.jpg,0.72546923
4785.jpg,0.60753125
4786.jpg,0.99960464
4787.jpg,0.05667656
4788.jpg,0.9447464
4789.jpg,0.41844922
4790.jpg,0.0026298636
4791.jpg,0.66677326
4792.jpg,0.99923134
4793.jpg,0.002844289
4794.jpg,0.25990948
4795.jpg,0.0025829303
4796.jpg,0.0028577948
4797.jpg,0.5551728
4798.jpg,0.1637718
4799.jpg,0.7331068
4800.jpg,0.6609916
4801.jpg,0.5265401
4802.jpg,0.9204048
4803.jpg,0.14301322
4804.jpg,0.7364659
4805.jpg,0.47231418
4806.jpg,0.7512631
4807.jpg,0.7203643
4808.jpg,0.68298423
4809.jpg,0.7948344
4810.jpg,0.02829243
4811.jpg,0.6019717
4812.jpg,0.7204423
4813.jpg,0.44960982
4814.jpg,0.7245433
4815.jpg,0.9996253
4816.jpg,0.9995154
4817.jpg,0.6991245
4818.jpg,0.33182248
4819.jpg,0.049890097
4820.jpg,0.90814775
4821.jpg,0.75537854
4822.jpg,0.021150652
4823.jpg,0.6052188
4824.jpg,0.9994673
4825.jpg,0.8054882
4826.jpg,0.51079357
4827.jpg,0.0040005515
4828.jpg,0.6455443
4829.jpg,0.6284851
4830.jpg,0.80264574
4831.jpg,0.99899286
4832.jpg,0.0054912013
4833.jpg,0.0030928762
4834.jpg,0.6351434
4835.jpg,0.9996468
4836.jpg,0.31703573
4837.jpg,0.79254794
4838.jpg,0.8046872
4839.jpg,0.6820355
4840.jpg,0.0032186592
4841.jpg,0.09818358
4842.jpg,0.49287868
4843.jpg,0.707471
4844.jpg,0.6752363
4845.jpg,0.47371203
4846.jpg,0.6800667
4847.jpg,0.75211513
4848.jpg,0.17467837
4849.jpg,0.99846566
4850.jpg,0.68114084
4851.jpg,0.9994536
4852.jpg,0.4038981
4853.jpg,0.52054274
4854.jpg,0.5366503
4855.jpg,0.23620221
4856.jpg,0.7138229
4857.jpg,0.7408151
4858.jpg,0.99552613
4859.jpg,0.5226124
4860.jpg,0.0631537
4861.jpg,0.9698185
4862.jpg,0.31797186
4863.jpg,0.0033082014
4864.jpg,0.9996012
4865.jpg,0.6193332
4866.jpg,0.4430268
4867.jpg,0.5345287
4868.jpg,0.0027225101
4869.jpg,0.0024849311
4870.jpg,0.9993998
4871.jpg,0.45785975
4872.jpg,0.5542268
4873.jpg,0.578541
4874.jpg,0.36245915
4875.jpg,0.7647319
4876.jpg,0.24258153
4877.jpg,0.16091147
4878.jpg,0.9995734
4879.jpg,0.48325148
4880.jpg,0.27916053
4881.jpg,0.0040877843
4882.jpg,0.0073455865
4883.jpg,0.6830987
4884.jpg,0.9995204
4885.jpg,0.68267804
4886.jpg,0.100001685
4887.jpg,0.002611896
4888.jpg,0.47489715
4889.jpg,0.72467214
4890.jpg,0.9995018
4891.jpg,0.10199112
4892.jpg,0.9994381
4893.jpg,0.16596164
4894.jpg,0.53588146
4895.jpg,0.13421224
4896.jpg,0.0086338995
4897.jpg,0.0028193935
4898.jpg,0.0044503883
4899.jpg,0.3997114
4900.jpg,0.656133
4901.jpg,0.9995664
4902.jpg,0.4286588
4903.jpg,0.5322197
4904.jpg,0.0049756337
4905.jpg,0.78642875
4906.jpg,0.5503916
4907.jpg,0.6424858
4908.jpg,0.42123878
4909.jpg,0.002991998
4910.jpg,0.806358
4911.jpg,0.33077577
4912.jpg,0.09193624
4913.jpg,0.0029617092
4914.jpg,0.3785561
4915.jpg,0.6718933
4916.jpg,0.74595183
4917.jpg,0.6034198
4918.jpg,0.99143
4919.jpg,0.4629817
4920.jpg,0.73979115
4921.jpg,0.39656362
4922.jpg,0.99954695
4923.jpg,0.9994512
4924.jpg,0.48944703
4925.jpg,0.69283307
4926.jpg,0.7075911
4927.jpg,0.003694192
4928.jpg,0.6494894
4929.jpg,0.7547815
4930.jpg,0.48848748
4931.jpg,0.57706046
4932.jpg,0.6624957
4933.jpg,0.48425937
4934.jpg,0.6634745
4935.jpg,0.61808395
4936.jpg,0.6497749
4937.jpg,0.5210093
4938.jpg,0.9941749
4939.jpg,0.65610003
4940.jpg,0.0025965949
4941.jpg,0.8949081
4942.jpg,0.0027244787
4943.jpg,0.33790568
4944.jpg,0.4142394
4945.jpg,0.6695785
4946.jpg,0.13996375
4947.jpg,0.64065343
4948.jpg,0.6544872
4949.jpg,0.09903707
4950.jpg,0.99921477
4951.jpg,0.12545377
4952.jpg,0.71419764
4953.jpg,0.99182665
4954.jpg,0.0027650108
4955.jpg,0.0032499325
4956.jpg,0.68339807
4957.jpg,0.65579987
4958.jpg,0.0028330833
4959.jpg,0.22287072
4960.jpg,0.50752914
4961.jpg,0.4895544
4962.jpg,0.41689113
4963.jpg,0.002991156
4964.jpg,0.67379814
4965.jpg,0.9994344
4966.jpg,0.66313004
4967.jpg,0.16963036
4968.jpg,0.73525465
4969.jpg,0.5825012
4970.jpg,0.00251044
4971.jpg,0.11187802
4972.jpg,0.7458195
4973.jpg,0.9994413
4974.jpg,0.9856442
4975.jpg,0.7351533
4976.jpg,0.99948406
4977.jpg,0.63629746
4978.jpg,0.03210844
4979.jpg,0.9962851
4980.jpg,0.18698412
4981.jpg,0.9934809
4982.jpg,0.7590454
4983.jpg,0.39808086
4984.jpg,0.66059387
4985.jpg,0.67407095
4986.jpg,0.020673513
4987.jpg,0.41402754
4988.jpg,0.6716183
4989.jpg,0.72312796
4990.jpg,0.99951184
4991.jpg,0.0021044593
4992.jpg,0.36613786
4993.jpg,0.8441342
4994.jpg,0.053703327
4995.jpg,0.66042453
4996.jpg,0.2833316
4997.jpg,0.63157356
4998.jpg,0.6452984
4999.jpg,0.7507068
5000.jpg,0.65899384
